,site,id,xWok,yWok,zWok,ix,iy,iz,jx,jy,jz,kx,ky,kz
0,APO,1,-284.6993661263015,163.53316317052696,0,0.4932896635244322,0.8698651090025125,0,-0.8698651090025125,0.4932896635244322,0,0,0,1
1,APO,2,-0.3458226025240602,327.68182167064845,0,0.9999796222565999,0.006383969889405029,0,-0.006383969889405029,0.9999796222565999,0,0,0,1
2,APO,3,283.6286174196274,164.93907077337235,0,0.5068948192906653,-0.8620079130589723,0,0.8620079130589723,0.5068948192906653,0,0,0,1
3,APO,4,284.4106839917627,-163.59815916956694,0,-0.4979419747299558,-0.8672103492244732,0,0.8672103492244732,-0.4979419747299558,0,0,0,1
4,APO,5,0.8772795930748493,-327.84433745045374,0,-0.9999938113490053,-0.0035181335520084933,0,0.0035181335520084933,-0.9999938113490053,0,0,0,1
5,APO,6,-283.87139227563944,-164.71155899452717,0,-0.5117072837798418,0.8591598545827531,0,-0.8591598545827531,-0.5117072837798418,0,0,0,1
