,site,id,xWok,yWok,zWok,ix,iy,iz,jx,jy,jz,kx,ky,kz
0,APO,1,-284.7184160286647,163.40895689085073,0,0.49606489488143274,0.8682854484939115,0,-0.8682854484939115,0.49606489488143274,0,0,0,1
1,APO,2,-0.38096933936822097,327.56807356242354,0,0.9999903326367283,0.004397116451214723,0,-0.004397116451214723,0.9999903326367283,0,0,0,1
2,APO,3,283.56972705613435,164.79653062160253,0,0.505160715321575,-0.8630252902990704,0,0.8630252902990704,0.505160715321575,0,0,0,1
3,APO,4,284.3406651650935,-163.69590886741264,0,-0.4995294361676201,-0.8662969135360346,0,0.8662969135360346,-0.4995294361676201,0,0,0,1
4,APO,5,0.8545538114882163,-327.9930103911146,0,-0.9999988553564259,-0.0015130386108938307,0,0.0015130386108938307,-0.9999988553564259,0,0,0,1
5,APO,6,-283.95437909300995,-164.8635629622176,0,-0.5103992361383486,0.8599375673555554,0,-0.8599375673555554,-0.5103992361383486,0,0,0,1
