,site,id,xWok,yWok,zWok,ix,iy,iz,jx,jy,jz,kx,ky,kz
0,APO,1,-285.050561723066,162.82886991990165,0,0.49429584972492735,0.8692937437625512,0,-0.8692937437625512,0.4942958497249274,0,0,0,1
1,APO,2,-1.0479679196100846,327.5666187484224,0,0.999979306087605,0.006433303704327456,0,-0.006433303704327395,0.999979306087605,0,0,0,1
2,APO,3,283.23357784932784,165.37359821409228,0,0.5069169740286673,-0.8619948848117484,0,0.8619948848117484,0.5069169740286673,0,0,0,1
3,APO,4,284.67339593882764,-163.1165904839589,0,-0.49776443291560535,-0.8673122674816757,0,0.8673122674816757,-0.4977644329156054,0,0,0,1
4,APO,5,1.5224166731391544,-327.9905903758763,0,-0.9999937013952324,-0.003549249197055393,0,0.0035492491970553317,-0.9999937013952324,0,0,0,1
5,APO,6,-283.6180925964571,-165.44141365039582,0,-0.512149196714486,0.8588965015091788,0,-0.8588965015091788,-0.512149196714486,0,0,0,1
