,site,id,xWok,yWok,zWok,ix,iy,iz,jx,jy,jz,kx,ky,kz
0,APO,1,-284.73665667120423,163.3961379945789,0,0.49363355377911494,0.8696700032675622,0,-0.8696700032675622,0.493633553779115,0,0,0,1
1,APO,2,-0.4005923032034213,327.5591958458283,0,0.9999793167584708,0.0064316448333083046,0,-0.006431644833308243,0.9999793167584708,0,0,0,1
2,APO,3,283.5867235506187,164.81683994310168,0,0.5069074927701224,-0.8620004604253458,0,0.8620004604253458,0.5069074927701224,0,0,0,1
3,APO,4,284.36073490297895,-163.72955981699147,0,-0.4979066086335663,-0.8672306550618588,0,0.8672306550618588,-0.49790660863356634,0,0,0,1
4,APO,5,0.8174179492068845,-327.97723908627313,0,-0.99999390022361,-0.003492780493053891,0,0.00349278049305383,-0.99999390022361,0,0,0,1
5,APO,6,-283.9164664198225,-164.84426399975095,0,-0.5120675897106527,0.8589451574855769,0,-0.8589451574855769,-0.5120675897106527,0,0,0,1
