,site,id,xWok,yWok,zWok,ix,iy,iz,jx,jy,jz,kx,ky,kz
0,APO,1,-284.38508984042863,-284.38508984042863,0,0.497831883263538,0.8672735531574101,0,-0.8672735531574101,0.49783188326353806,0,0,0,1
1,APO,2,0.2860308204411419,0.2860308204411419,0,0.9999972130458198,0.002360910966861714,0,-0.0023609109668616527,0.9999972130458198,0,0,0,1
2,APO,3,283.9047005317774,283.9047005317774,0,0.5034023621271736,-0.8640521175280933,0,0.8640521175280933,0.5034023621271736,0,0,0,1
3,APO,4,284.0067554637477,284.0067554637477,0,-0.5012923682806136,-0.8652779677673607,0,0.8652779677673607,-0.5012923682806136,0,0,0,1
4,APO,5,0.1866874067032582,0.1866874067032582,0,-0.9999998631422506,0.0005231782486071602,0,-0.0005231782486072214,-0.9999998631422506,0,0,0,1
5,APO,6,-284.28948826356276,-284.28948826356276,0,-0.5086471593550421,0.8609750677458937,0,-0.8609750677458937,-0.5086471593550421,0,0,0,1
