,site,id,xWok,yWok,zWok,ix,iy,iz,jx,jy,jz,kx,ky,kz
0,LCO,1,-284.1153587571203,163.12860832956426,0.0,0.494969802598725,0.8689101763216834,0,-0.8689101763216834,0.494969802598725,0,0,0,1
1,LCO,2,-0.4874666935888375,328.134044072703,0.0,0.9999870461989376,0.0050899346089757,0,-0.0050899346089757,0.9999870461989376,0,0,0,1
2,LCO,3,283.1776515872031,164.25744723741838,0.0,0.5046249052563518,-0.8633386965699028,0,0.8633386965699028,0.5046249052563518,0,0,0,1
3,LCO,4,284.3344484409555,-163.48641929703624,0.0,-0.4955131696451536,-0.8686004252291233,0,0.8686004252291233,-0.4955131696451536,0,0,0,1
4,LCO,5,0.275233990469616,-327.94471714935645,0.0,-0.999894424515332,-0.0145306511606493,0,0.0145306511606493,-0.999894424515332,0,0,0,1
5,LCO,6,-283.33303023458564,-164.30885485995967,0.0,-0.4984009011064303,0.8669466775853627,0,-0.8669466775853627,-0.4984009011064303,0,0,0,1
