,site,id,xWok,yWok,zWok,ix,iy,iz,jx,jy,jz,kx,ky,kz
0,LCO,1,-284.0674462464673,163.15286766273223,0.0,0.4949579035441335,0.8689169544434014,0,-0.8689169544434014,0.4949579035441335,0,0,0,1
1,LCO,2,-0.43396367472004105,328.20917250628906,0.0,0.99999297680534,0.0037478447132642,0,-0.0037478447132642,0.99999297680534,0,0,0,1
2,LCO,3,283.1961794120497,164.31517683273128,0.0,0.5105382600142737,-0.8598550372368576,0,0.8598550372368576,0.5105382600142737,0,0,0,1
3,LCO,4,284.3129185290355,-163.4554889710376,0.0,-0.4960146628892585,-0.8683141448800977,0,0.8683141448800977,-0.4960146628892585,0,0,0,1
4,LCO,5,0.280120049115357,-327.9233888461168,0.0,-0.9999039213339758,-0.0138617495626766,0,0.0138617495626766,-0.9999039213339758,0,0,0,1
5,LCO,6,-283.2878080690133,-164.2983391845982,0.0,-0.4935217147884484,0.8697334747106549,0,-0.8697334747106549,-0.4935217147884484,0,0,0,1
