,site,id,xWok,yWok,zWok,ix,iy,iz,jx,jy,jz,kx,ky,kz
0,LCO,1,-284.07225653489814,163.1836055517865,0.0,0.494969802598725,0.8689101763216834,0,-0.8689101763216834,0.494969802598725,0,0,0,1
1,LCO,2,-0.4443644713666153,328.1890412949252,0.0,0.9999870461989376,0.0050899346089757,0,-0.0050899346089757,0.9999870461989376,0,0,0,1
2,LCO,3,283.2207538094253,164.31244445964063,0.0,0.5046249052563518,-0.8633386965699028,0,0.8633386965699028,0.5046249052563518,0,0,0,1
3,LCO,4,284.37755066317766,-163.43142207481398,0.0,-0.4955131696451536,-0.8686004252291233,0,0.8686004252291233,-0.4955131696451536,0,0,0,1
4,LCO,5,0.31833621269183826,-327.88971992713425,0.0,-0.999894424515332,-0.0145306511606493,0,0.0145306511606493,-0.999894424515332,0,0,0,1
5,LCO,6,-283.2899280123635,-164.2538576377374,0.0,-0.4984009011064303,0.8669466775853627,0,-0.8669466775853627,-0.4984009011064303,0,0,0,1
