,site,id,xWok,yWok,zWok,ix,iy,iz,jx,jy,jz,kx,ky,kz
0,LCO,1,-284.10254875712036,163.16520832956428,0.0,0.494969802598725,0.8689101763216834,0,-0.8689101763216834,0.494969802598725,0,0,0,1
1,LCO,2,-0.4746566935888375,328.170644072703,0.0,0.9999870461989376,0.0050899346089757,0,-0.0050899346089757,0.9999870461989376,0,0,0,1
2,LCO,3,283.19046158720306,164.2940472374184,0.0,0.5046249052563518,-0.8633386965699028,0,0.8633386965699028,0.5046249052563518,0,0,0,1
3,LCO,4,284.34725844095544,-163.4498192970362,0.0,-0.4955131696451536,-0.8686004252291233,0,0.8686004252291233,-0.4955131696451536,0,0,0,1
4,LCO,5,0.288043990469616,-327.9081171493564,0.0,-0.999894424515332,-0.0145306511606493,0,0.0145306511606493,-0.999894424515332,0,0,0,1
5,LCO,6,-283.3202202345857,-164.27225485995965,0.0,-0.4984009011064303,0.8669466775853627,0,-0.8669466775853627,-0.4984009011064303,0,0,0,1
