,site,id,xWok,yWok,zWok,ix,iy,iz,jx,jy,jz,kx,ky,kz
0,LCO,1,-283.9790524574779,163.47511639991112,0.0,0.4949579035441335,0.8689169544434014,0,-0.8689169544434014,0.4949579035441335,0,0,0,1
1,LCO,2,-0.3455698857306813,328.53142124346795,0.0,0.99999297680534,0.0037478447132642,0,-0.0037478447132642,0.99999297680534,0,0,0,1
2,LCO,3,283.28457320103905,164.63742556991016,0.0,0.5105382600142737,-0.8598550372368576,0,0.8598550372368576,0.5105382600142737,0,0,0,1
3,LCO,4,284.4013123180249,-163.13324023385871,0.0,-0.4960146628892585,-0.8683141448800977,0,0.8683141448800977,-0.4960146628892585,0,0,0,1
4,LCO,5,0.3685138381047167,-327.6011401089379,0.0,-0.9999039213339758,-0.0138617495626766,0,0.0138617495626766,-0.9999039213339758,0,0,0,1
5,LCO,6,-283.1994142800239,-163.97609044741932,0.0,-0.4935217147884484,0.8697334747106549,0,-0.8697334747106549,-0.4935217147884484,0,0,0,1
