,site,id,xWok,yWok,zWok,ix,iy,iz,jx,jy,jz,kx,ky,kz
0,LCO,1,-282.90638230243223,165.35769950518616,0.0,0.4949579035441335,0.8689169544434014,0,-0.8689169544434014,0.4949579035441335,0,0,0,1
1,LCO,2,-0.5032321202830432,328.09655825543234,0.0,0.99999297680534,0.0037478447132642,0,-0.0037478447132642,0.99999297680534,0,0,0,1
2,LCO,3,282.55899848135874,165.093006905315,0.0,0.5105382600142737,-0.8598550372368576,0,0.8598550372368576,0.5105382600142737,0,0,0,1
3,LCO,4,284.3235425227726,-163.12838829887036,0.0,-0.4960146628892585,-0.8683141448800977,0,0.8683141448800977,-0.4960146628892585,0,0,0,1
4,LCO,5,0.37918381593175393,-328.03892741542404,0.0,-0.9999039213339758,-0.0138617495626766,0,0.0138617495626766,-0.9999039213339758,0,0,0,1
5,LCO,6,-283.34005295385685,-165.45119518588314,0.0,-0.4935217147884484,0.8697334747106549,0,-0.8697334747106549,-0.4935217147884484,0,0,0,1
