,site,id,xWok,yWok,zWok,ix,iy,iz,jx,jy,jz,kx,ky,kz
0,LCO,1,-284.59881323728746,163.38926884626161,0.0,0.4950043300146539,0.8688905070644651,0,-0.8688905070644652,0.495004330014654,0,0,0,1
1,LCO,2,-0.47893431086957294,328.6345594326888,0.0,0.9999868514873602,0.005128045670262,0,-0.005128045670262,0.99998685148736,0,0,0,1
2,LCO,3,283.6855231815874,164.5325170939894,0.0,0.5049678623767445,-0.86313814535488,0,0.86313814535488,0.5049678623767445,0,0,0,1
3,LCO,4,284.8394228010088,-163.71838381653566,0.0,-0.4954916796287207,-0.8686126843528763,0,0.8686126843528763,-0.4954916796287207,0,0,0,1
4,LCO,5,0.2715775216097948,-328.410278167663,0.0,-0.9999106365279824,-0.0133685810093795,0,0.0133685810093795,-0.9999106365279824,0,0,0,1
5,LCO,6,-283.80969178276024,-164.54078570769303,0.0,-0.4985210072446914,0.8668776184305018,0,-0.8668776184305019,-0.4985210072446914,0,0,0,1
