,site,id,xWok,yWok,zWok,ix,iy,iz,jx,jy,jz,kx,ky,kz
0,LCO,1,-284.0561073773591,163.15801517191287,0.0,0.49500240459795797,0.8688916039657879,0,-0.8688916039657879,0.49500240459795797,0,0,0,1
1,LCO,2,-0.43539125944157797,328.20567122442174,0.0,0.9999873762680208,0.00502466960106499,0,-0.00502466960106499,0.9999873762680208,0,0,0,1
2,LCO,3,283.2045078837816,164.3314622166734,0.0,0.5052715839505448,-0.8629603852159771,0,0.8629603852159771,0.5052715839505448,0,0,0,1
3,LCO,4,284.31261682683686,-163.45134796010217,0.0,-0.49530745175063007,-0.8687177494677414,0,0.8687177494677414,-0.49530745175063007,0,0,0,1
4,LCO,5,0.2691696121122274,-327.9373163055131,0.0,-0.9999113681345357,-0.013313747606172684,0,0.013313747606172684,-0.9999113681345357,0,0,0,1
5,LCO,6,-283.2817709006509,-164.30184093019378,0.0,-0.49847032189616425,0.8669067644151442,0,-0.8669067644151442,-0.49847032189616425,0,0,0,1
