,site,id,xWok,yWok,zWok,ix,iy,iz,jx,jy,jz,kx,ky,kz
0,LCO,1,-281.361156242212,162.94982740372348,143.1,0.4949579035441335,0.8689169544434014,0,-0.8689169544434014,0.4949579035441335,0,0,0,1
1,LCO,2,-0.6178780338138807,327.8422349872815,143.1,0.99999297680534,0.003747844713264284,0,-0.003747844713264284,0.99999297680534,0,0,0,1
2,LCO,3,283.2618651648235,165.189067569516,143.1,0.5105382600142737,-0.8598550372368576,0,0.8598550372368576,0.5105382600142737,0,0,0,1
3,LCO,4,284.42093919740955,-163.05888474622637,143.1,-0.4960146628892585,-0.8683141448800977,0,0.8683141448800977,-0.4960146628892585,0,0,0,1
4,LCO,5,0.40007072290657675,-327.83888909749857,143.1,-0.9999039213339758,-0.01386174956267664,0,0.01386174956267664,-0.9999039213339758,0,0,0,1
5,LCO,6,-283.96963334134335,-164.86541774629532,143.1,-0.4935217147884484,0.8697334747106549,0,-0.8697334747106549,-0.4935217147884484,0,0,0,1
