,site,id,xWok,yWok,zWok,ix,iy,iz,jx,jy,jz,kx,ky,kz
0,LCO,1,-284.591193371969,163.4061278019166,0.0,0.4950043300146539,0.8688905070644651,0,-0.8688905070644652,0.495004330014654,0,0,0,1
1,LCO,2,-0.4659250099965826,328.6588045166972,0.0,0.9999868514873602,0.005128045670262,0,-0.005128045670262,0.99998685148736,0,0,0,1
2,LCO,3,283.6725475413482,164.53265797127696,0.0,0.5049678623767445,-0.86313814535488,0,0.86313814535488,0.5049678623767445,0,0,0,1
3,LCO,4,284.819999552196,-163.71883798702785,0.0,-0.4954916796287207,-0.8686126843528763,0,0.8686126843528763,-0.4954916796287207,0,0,0,1
4,LCO,5,0.2768130426788202,-328.4209807330313,0.0,-0.9999106365279824,-0.0133685810093795,0,0.0133685810093795,-0.9999106365279824,0,0,0,1
5,LCO,6,-283.8000135736642,-164.55725823401517,0.0,-0.4985210072446914,0.8668776184305018,0,-0.8668776184305019,-0.4985210072446914,0,0,0,1
