,site,id,xWok,yWok,zWok,ix,iy,iz,jx,jy,jz,kx,ky,kz
0,LCO,1,-284.09060514600924,163.1652569406754,0.0,0.49496980259872503,0.8689101763216834,0,-0.8689101763216834,0.49496980259872503,0,0,0,1
1,LCO,2,-0.46271308247772647,328.1706926838141,0.0,0.9999870461989376,0.005089934608975732,0,-0.005089934608975732,0.9999870461989376,0,0,0,1
2,LCO,3,283.2024051983142,164.2940958485295,0.0,0.5046249052563518,-0.8633386965699028,0,0.8633386965699028,0.5046249052563518,0,0,0,1
3,LCO,4,284.35920205206656,-163.4497706859251,0.0,-0.49551316964515363,-0.8686004252291233,0,0.8686004252291233,-0.49551316964515363,0,0,0,1
4,LCO,5,0.2999876015807271,-327.90806853824535,0.0,-0.9998944245153321,-0.014530651160649362,0,0.014530651160649362,-0.9998944245153321,0,0,0,1
5,LCO,6,-283.30827662347457,-164.27220624884853,0.0,-0.49840090110643037,0.8669466775853627,0,-0.8669466775853627,-0.49840090110643037,0,0,0,1
