,site,holeID,positionerID,wokID,alphaArmLen,metX,metY,apX,apY,bossX,bossY,alphaOffset,betaOffset,dx,dy
0,LCO,R+10C1,1157,flatNominal,7.36722443298326,14.346643050918953,0.0,14.997795714262733,0.3693361664257009,14.982029992379466,-0.3964749274174854,1.4116620744143522,0.33849052666163204,-0.06697428601334682,-0.061534489144483506
1,LCO,R+10C10,41,flatNominal,7.402787437837283,14.321219996599293,0.0,14.969558758567441,0.3730349400869908,14.964966166815042,-0.4021133705330812,0.6302561953451039,0.2888888347531281,-0.06873371521810383,0.029707418920450986
2,LCO,R+10C12,817,flatNominal,7.402945046916736,14.33206651946362,0.0,14.98040528143177,0.3730349400869908,14.922297958399358,-0.4280997852093012,1.161361073075971,0.1390252070052741,-0.08262314759534006,0.11354014327077577
3,LCO,R+10C13,494,flatNominal,7.408602896130958,14.34191508961326,0.0,14.99025385158141,0.3730349400869908,14.995742776254996,-0.3808303610533334,0.7744880943914678,0.7673683407850836,-0.03673025797824163,0.06067534521455273
4,LCO,R+10C15,1047,flatNominal,7.449144580451589,14.328381581915993,0.0,14.973438279006823,0.373478661362709,15.00221675728965,-0.3610861075527001,0.052794944324833754,-0.17989365558928236,-0.054585341304117574,0.0410523892710913
5,LCO,R+10C16,810,flatNominal,7.3670972833462205,14.348702842024869,0.0,14.997041603993019,0.3730349400869908,14.992066402793677,-0.3738369430244035,1.0438435448633436,0.44983869374609076,-0.015351599781843622,0.08319688962854127
6,LCO,R+10C17,579,flatNominal,7.385215799719802,14.314789147716185,0.0,14.954633440229312,0.3910116769513723,14.977148446869316,-0.3663710427199889,0.6775651059353671,-0.07325882904646935,0.002013478699590463,0.11642444470030125
7,LCO,R+10C2,230,flatNominal,7.395554156948947,14.355469871282853,0.0,15.003808633251003,0.3730349400869908,14.98303666343808,-0.3710159843861451,0.293506850746186,1.8755657001248314,-0.10372004940430002,-0.030965530839924475
8,LCO,R+10C3,616,flatNominal,7.43464778260355,14.315443614886394,0.0,14.9680904722836,0.3770941073549669,14.977765763509959,-0.356683004178865,0.2588028530800195,-0.0008722649971597525,-0.07227487054776432,-0.05466939586598575
9,LCO,R+10C5,374,flatNominal,7.40418676629589,14.355366138435338,0.0,15.003704900403488,0.3730349400869908,14.982334357806906,-0.384463943803168,0.34694490841098785,0.3752163640260082,-0.0652575366956708,-0.025381203020838426
10,LCO,R+10C6,405,flatNominal,7.406885651307983,14.327211817663146,0.0,14.975550579631296,0.3730349400869908,14.979537397386048,-0.3794144802050421,-0.08428759032574401,-0.37583027570286376,-0.09642861729108045,-0.016852308948108397
11,LCO,R+10C8,454,flatNominal,7.438752328632772,14.356885725962364,0.0,15.005224487930514,0.3730349400869908,15.011929665468857,-0.3459358405398307,0.9427920722534692,0.23274312420623217,-0.048744439233767534,0.0007855443826991439
12,LCO,R+10C9,516,flatNominal,7.425764589004757,14.360086742644418,0.0,15.008425504612566,0.3730349400869908,15.00579223786541,-0.3553482007094754,0.25489331676468757,-0.10528743101382429,-0.05750435306198727,0.025787321731468457
13,LCO,R+11C1,591,flatNominal,7.396412386541744,14.3062634546107,0.0,14.957400882501675,0.3636448933656642,14.930155211581583,-0.3805490208009947,0.37502276318750705,-0.19982355690822684,-0.0442852249799269,-0.04190755740824033
14,LCO,R+11C10,750,flatNominal,7.334629527831703,14.328592937543622,0.0,14.993586260838107,0.3792457099341852,14.986031203331308,-0.3987513229111467,-0.4287954785031371,0.8366661244416991,-0.06219572291265525,-0.0034955183155286973
15,LCO,R+11C11,1045,flatNominal,7.368293167768287,14.31389605267746,0.0,14.952053932097071,0.3756745830559349,14.952215671313427,-0.3610052119440686,0.7005622172121881,0.6813052140488873,-0.05040621911950925,0.05319056186711278
16,LCO,R+11C12,736,flatNominal,7.366650224483088,14.331636123753036,0.0,14.982570662840851,0.3820347767802383,14.980658983529947,-0.3771838119334628,-0.13840573588695182,0.3198685896696905,-0.05163749288503182,0.05056149892268533
17,LCO,R+11C13,1297,flatNominal,7.3641815301732345,14.33580821409341,0.0,14.97807236965072,0.392252713124988,14.984601540665013,-0.3416422873486618,-0.14387141034610212,0.36174490980774143,-0.03850463543418194,0.0695083728324384
18,LCO,R+11C14,590,flatNominal,7.421965598287544,14.352175666710536,0.0,14.980590978989525,0.405063972462883,15.021941806790489,-0.3472136831520838,1.2327514194592615,-0.011449714919216645,-0.03650887917840058,0.030259719844457696
19,LCO,R+11C15,947,flatNominal,7.383437881612044,14.321275647560569,0.0,14.969614409528717,0.3730349400869908,14.987994346555878,-0.348023336268104,0.6814844995109173,-0.3220659326884719,-0.011273330387914763,0.06896573082635471
20,LCO,R+11C16,1233,flatNominal,7.372706718355696,14.326419941989615,0.0,14.975108644530359,0.3603295917462301,14.980804233140265,-0.370075469052619,0.601224458840957,0.3973541627275273,0.03560349546732357,0.07333952174833305
21,LCO,R+11C2,571,flatNominal,7.341177240281924,14.340426880232759,0.0,14.988765642200907,0.3730349400869908,14.925718446669851,-0.43877131540884,-0.3583761793789053,0.7872753737572756,-0.04880751401570215,-0.06845351058435128
22,LCO,R+11C3,401,flatNominal,7.374878413554991,14.336470051048515,0.0,14.997408193980618,0.3278853568690859,14.963263590789184,-0.4120166949984377,1.1241629157414605,0.7837804310684282,-0.05597011786220303,-0.0603768160040199
23,LCO,R+11C4,1282,flatNominal,7.385206705782359,14.336520457201622,0.0,14.968317644257827,0.3774903335359362,14.991457273520728,-0.3404765110834012,-1.2793793748178364,0.31759948748686745,-0.08946331669115445,-0.028703749139193782
24,LCO,R+11C5,461,flatNominal,7.415572170869309,14.307267112913294,0.0,14.966382012208403,0.3849722044257468,14.98167889845235,-0.3327780504250084,-0.06329909965248326,-0.09861704522234577,-0.09176576735642537,-0.027449678047464853
25,LCO,R+11C6,890,flatNominal,7.426422671785945,14.311024326922762,0.0,14.975372832683924,0.3403463468426111,14.967362568560022,-0.3907769326032886,0.5262032730897841,0.4670014061408032,-0.09110853985710723,-0.051412535992620946
26,LCO,R+11C7,893,flatNominal,7.410245967546926,14.282103938632254,0.0,14.924378931586617,0.3832322306729036,14.945904629935576,-0.3880007409520921,0.20827295922773828,0.49810279094145116,-0.08786530438307283,-0.03264683492219285
27,LCO,R+11C8,294,flatNominal,7.379434377151799,14.339851749017779,0.0,14.979756516599503,0.3853939651392332,14.996933450780919,-0.3704610511626071,-0.2124608534173148,0.2949304240673565,-0.07355284615625274,-0.021241253480611504
28,LCO,R+11C9,462,flatNominal,7.441995111234153,14.331401755259144,0.0,14.98765144465213,0.3497440687353452,14.98539601728773,-0.4097266926484245,0.5355854135685163,0.12023483032328289,-0.05412481395824273,0.007965467843346142
29,LCO,R+12C1,183,flatNominal,7.400981927576148,14.323480591846115,0.0,14.966765019279682,0.3854089506882743,14.991240588378528,-0.3633255136329178,-0.27017068486319706,-0.07066653816004963,-0.046350685680583426,-0.02919163660768964
30,LCO,R+12C10,982,flatNominal,7.351973709244534,14.299178683782833,0.0,14.947517445750982,0.3730349400869908,14.92498015406465,-0.4169501475354362,1.157512795649097,0.8860525952469289,-0.03862958842534463,0.04776025758908871
31,LCO,R+12C11,926,flatNominal,7.376935728602749,14.344941629106398,0.0,14.993280391074547,0.3730349400869908,14.984116392110169,-0.4031509409649276,-0.3094670061820711,0.28048430868816426,-0.04127489412301631,0.05754547012460553
32,LCO,R+12C12,186,flatNominal,7.394445357393664,14.322753001872027,0.0,14.971091763840176,0.3730349400869908,14.986668789858804,-0.373790513621532,0.07203963766922342,-0.44768795904448455,-0.06949656521067446,0.047061732084061274
33,LCO,R+12C13,708,flatNominal,7.37994026571207,14.346431382020306,0.0,14.994770143988456,0.3730349400869908,15.013642243105233,-0.3531848959719425,-0.092439168695975,1.0234359654750795,-0.03998973778179174,0.031873373692586054
34,LCO,R+12C14,1050,flatNominal,7.394472187506683,14.336623196588967,0.0,15.004176480568985,0.341401980781685,14.9830407749261,-0.4036145816691952,-0.2841463765561043,1.9252662849997781,-0.024934365876959026,0.0977389236238289
35,LCO,R+12C15,662,flatNominal,7.366436821853117,14.331563979242237,0.0,14.982834679195726,0.3775230250106219,14.993368759193586,-0.3612709649074644,0.8893593266624413,0.13413007443546787,0.02892307830022147,0.07159951485341731
36,LCO,R+12C2,438,flatNominal,7.359923516312383,14.327132894277305,0.0,14.972488215814353,0.3779137947479499,14.999321263330172,-0.3511584290880689,0.6486544413897236,0.06792971655051941,-0.06443855315421917,-0.03041498067877233
37,LCO,R+12C3,1361,flatNominal,7.4022038127002,14.329664118635492,0.0,14.978002880603643,0.3730349400869908,15.006224062344042,-0.3583178842218167,-0.9538317690765796,-0.04660188988057726,-0.10610823541350109,-0.037861309389687306
38,LCO,R+12C4,585,flatNominal,7.401268687429784,14.328768796268886,0.0,14.977107558237035,0.3730349400869908,15.009550599644182,-0.3311222366507695,-0.22579011976100205,0.13936553211703318,-0.09185784647634729,-0.039725839932303206
39,LCO,R+12C5,1002,flatNominal,7.422292080914171,14.303499500699665,0.0,14.951838262667815,0.3730349400869908,14.957901179996163,-0.3550467967833012,0.11472155763385228,0.10517016666647741,-0.07465727166202268,-0.026735254597758246
40,LCO,R+12C6,861,flatNominal,7.363834319880679,14.322203704587285,0.0,14.970542466555434,0.3730349400869908,14.950770828401303,-0.3920160049771274,0.32637703664044576,0.4213592736783668,-0.08473944773200846,-0.015466164988132247
41,LCO,R+12C7,521,flatNominal,7.411788114846715,14.317338976848557,0.0,14.965677738816705,0.3730349400869908,14.98422315443781,-0.3381915722571861,0.07480993444861175,0.22856747471174832,-0.08560397829986954,0.013804798116117746
42,LCO,R+12C9,1007,flatNominal,7.351005215720718,14.31693391977274,0.0,14.96527268174089,0.3730349400869908,14.956122328195196,-0.4020465926042232,-0.15571194559616752,0.8388228921908616,-0.046290149071444193,0.01889500667122194
43,LCO,R+13C1,569,flatNominal,7.3777716034810314,14.337995452384032,0.0,14.985587703440045,0.3799445840455679,14.959540761012263,-0.3765355300879575,-0.12048591292534486,0.7049309654720235,-0.05058843079876722,-0.032085555720207146
44,LCO,R+13C10,517,flatNominal,7.439943739259901,14.329952923990838,0.0,15.003207596695443,0.3187087169201701,14.941063950090154,-0.4312055397354231,1.1888744096396084,0.4638443182829185,-0.07858234843968515,0.10143092314597321
45,LCO,R+13C11,408,flatNominal,7.445169494518513,14.30360849454657,0.0,14.971004478809133,0.3315074148028391,14.929751204187077,-0.4239219159309969,0.23590143217497667,0.5131620359084933,-0.05464930879025892,0.08138514115188446
46,LCO,R+13C12,442,flatNominal,7.391152831826243,14.323929873679836,0.0,14.965653099037347,0.3856114753868011,14.987839706142701,-0.3688310046582319,-0.6462616607536569,0.01907025933227051,0.03516622428539219,0.12864451798783838
47,LCO,R+13C13,1073,flatNominal,7.366387415711339,14.365222828206026,0.0,15.01397138899285,0.3752028520297076,15.042749677179412,-0.3474204377575862,0.35141881352702264,0.9208467779983684,-0.01223955931612001,0.10885375195443703
48,LCO,R+13C14,38,flatNominal,7.390271724476209,14.30954034042098,0.0,15.017136002917612,0.2297051738375077,14.85365795611999,-0.5162503591405645,1.011185073803801,0.19301053493633288,-0.015522927492741357,0.07736925757181384
49,LCO,R+13C2,1141,flatNominal,7.400820264943889,14.356187027626305,0.0,15.082420621210783,0.2079293253666125,14.882982087861846,-0.5238553905588204,0.4768755648411037,0.8817278793352237,-0.02843331735932801,-0.03919527307130856
50,LCO,R+13C3,232,flatNominal,7.391511378531993,14.344219465660224,0.0,15.026112089250736,0.2752801707354183,14.912284319977852,-0.4494943615999269,0.5634624572511985,0.1436113091647818,-0.05770489308170909,-0.012448027852472954
51,LCO,R+13C4,1294,flatNominal,7.370720868097823,14.296999897128764,0.0,14.998015696783417,0.2788265438564744,14.906445831127343,-0.467174220989398,0.42063654718317256,0.4649744580379408,-0.0924237485566255,-0.02194701701606807
52,LCO,R+13C5,1236,flatNominal,7.355337576892699,14.34787572664597,0.0,15.004246106689045,0.3535688708133618,14.975232170854825,-0.4122450382126944,-0.5179114870401317,0.8231531659168891,-0.09056908132408296,-0.04378881863172521
53,LCO,R+13C6,960,flatNominal,7.430520748182737,14.313928238922761,0.0,14.954735649690509,0.3904801037627364,14.981329842388735,-0.3575374916135338,0.40400770486412807,0.030528025476805744,-0.07793968224577064,-0.03974055318718035
54,LCO,R+13C7,1223,flatNominal,7.359678236929726,14.330800755024747,0.0,15.007840461117196,0.2817510574661047,14.931659636251336,-0.4256470010483361,0.571154880416487,1.3001475305023837,-0.07130073714642196,0.029975484791825657
55,LCO,R+13C8,1165,flatNominal,7.391591622689363,14.35017488369223,0.0,14.978549994848356,0.3898312189245559,15.002680751602954,-0.3832449136662828,0.29087492488433675,0.5355145336746358,-0.05360792685658506,0.010574710367567897
56,LCO,R+13C9,538,flatNominal,7.41475140019123,14.338623572694022,0.0,14.973392082479721,0.3755606403975097,14.975883176438886,-0.3798398316146356,0.08536476644068175,0.1369984970545482,-0.07482855451806078,0.05411302544364642
57,LCO,R+1C1,1199,flatNominal,7.372413281387782,14.306984407228356,0.0,14.945654084872793,0.3823996862294991,14.973301642568316,-0.3476090075437263,0.8406073978506619,0.8372837729944858,0.0011432006839991271,-0.09972779135226126
58,LCO,R+1C10,391,flatNominal,7.401022932513494,14.347588293932944,0.0,14.995927055901094,0.3730349400869908,14.976727932884874,-0.3906745322871756,0.5877227811236649,0.7445117632901748,-0.013881620321699263,-0.0402629597322714
59,LCO,R+1C11,1055,flatNominal,7.344782777911357,14.357755431207739,0.0,14.988779747006785,0.3890508092640707,15.011862665272398,-0.3747076961411461,-0.9457010326121613,0.22790541990444013,0.027423833091726683,-0.05476809586752187
60,LCO,R+1C12,4,flatNominal,7.462310018289091,14.370584448059429,0.0,15.018923210027578,0.3730349400869908,15.02892759393438,-0.3527565726002915,0.3360687919961075,0.03007935458859069,-0.035517828827795354,-0.06378376515597162
61,LCO,R+1C13,1307,flatNominal,7.385243868538013,14.355858749155791,0.0,15.002929982602117,0.3791029323597877,15.005703308412771,-0.3715916670795232,0.8452255783650077,0.5881959951407398,0.034219549827615305,0.03871223855519731
62,LCO,R+1C14,520,flatNominal,7.449182190441413,14.33089852016128,0.0,15.003650576650369,0.3362712028404946,14.957961287016104,-0.4112067757928522,-0.024496130092199586,-0.11013177006265915,0.024211646534354828,-0.0009841327892138587
63,LCO,R+1C15,434,flatNominal,7.393594149207162,14.302154172062693,0.0,14.95049293403084,0.3730349400869908,14.934615747015462,-0.4048547860744796,1.06199285729386,0.48313653950777163,-0.02787389658048916,0.09446117912712496
64,LCO,R+1C16,1031,flatNominal,7.328532989321703,14.343231936356055,0.0,14.978527552391196,0.3929979155987918,14.999633061298368,-0.3616489265950094,0.5534533600552229,0.3007495633501276,-0.021375163846617834,-0.05658092710380352
65,LCO,R+1C17,1219,flatNominal,7.401401801167204,14.32678392607145,0.0,14.9751226880396,0.3730349400869908,14.975275412903956,-0.3904247300828958,-0.7384066698487177,0.3947025909701174,0.005003957540227349,0.008231483737317968
66,LCO,R+1C18,491,flatNominal,7.446860890514158,14.324759014565602,0.0,14.975904029501956,0.3620485411814363,14.973075168558513,-0.3862167601209057,0.793523530373933,-0.00025953913160118317,-0.0004340451602312689,-0.0041167773511917895
67,LCO,R+1C19,949,flatNominal,7.47575861460988,14.344486233451759,0.0,14.992824995419909,0.3730349400869908,15.01739016706321,-0.3721107370470209,-0.06921816923012045,0.11500381582310121,-0.026109960067414846,0.03757120140006978
68,LCO,R+1C2,625,flatNominal,7.382412415105248,14.320222861268988,0.0,14.968561623237138,0.3730349400869908,14.956943699132207,-0.372779212420916,1.0108574673773867,0.387170444879968,-0.01076032105624418,-0.16211184690930014
69,LCO,R+1C20,570,flatNominal,7.351965337898157,14.322740294890135,0.0,14.960337032982371,0.3972749274940024,14.96938355554892,-0.3532766181225562,1.3124504513164559,0.10165643537569516,0.0020908616976497724,0.06116064550480807
70,LCO,R+1C21,853,flatNominal,7.432805258579644,14.330480076553865,0.0,14.978818838522015,0.3730349400869908,14.963789758905376,-0.3867550997018018,-0.1856382549785114,0.4923284051445768,-0.002288458772831638,0.08954174626491021
71,LCO,R+1C22,502,flatNominal,7.419750491427553,14.350403443641463,0.0,15.001748618122011,0.3751700315695648,15.002246890519926,-0.3781706220873538,0.023171205690776485,0.004596148200022911,0.058246268610260006,0.11944190753846011
72,LCO,R+1C23,909,flatNominal,7.4059762141893,14.327959289861255,0.0,14.976298051829403,0.3730349400869908,14.959449466663296,-0.3653584164767501,0.49199979143421413,0.024474168123684734,0.050795918533086556,0.155442064892809
73,LCO,R+1C24,813,flatNominal,7.348768962851226,14.313807199037418,0.0,14.9572640096401,0.3823825865838433,14.95660797488665,-0.3368879007645352,0.7846241732270234,0.0035838685460344404,0.07135447007765933,0.23250569140977898
74,LCO,R+1C25,542,flatNominal,7.4223535739631075,14.303406084789046,0.0,14.951744846757194,0.3730349400869908,14.934320071916694,-0.3911998768858369,0.16508057785503372,0.07245610894625731,0.06427336704887131,0.1304209122581368
75,LCO,R+1C26,111,flatNominal,7.38434589775029,14.356304404513102,0.0,15.014041969290394,0.3742244943246129,15.002883477713668,-0.3705364009281977,0.2370937734022619,0.4297220948809918,0.0451724948470111,0.1286071325384992
76,LCO,R+1C3,1220,flatNominal,7.362597335157375,14.352656204922486,0.0,15.015039997123795,0.3500708326130798,15.003468878282735,-0.3699809399774103,0.4242592013142932,1.0679107119802094,-0.053475531958819184,-0.1286873779655588
77,LCO,R+1C4,564,flatNominal,7.416695575238002,15.076920414636726,0.0,15.725259176604876,0.3730349400869908,15.725259176604874,-0.3730349400869908,-0.20798588226940254,2.9212262964866893,-0.013017242546963764,-0.1181763240931746
78,LCO,R+1C5,1293,flatNominal,7.353083686660633,14.296528403827079,0.0,14.94359376280005,0.3941603824756766,14.967872606197538,-0.3574047269375985,0.9380606179144808,0.4213287699449305,-0.031434115619803464,-0.09529881502724141
79,LCO,R+1C6,420,flatNominal,7.393476579311336,14.331112028496209,0.0,14.979450790464359,0.3730349400869908,14.981540254242425,-0.3747068404804831,0.875074699249674,1.0048730551325873,0.01027615041552556,-0.1139875494245376
80,LCO,R+1C7,933,flatNominal,7.413078061809522,14.344970481065687,0.0,14.979149814056147,0.3869478352469193,14.982867622665065,-0.3735619151874051,0.6128187095242139,0.09674798156122827,-0.038479081414012406,-0.03584198834520881
81,LCO,R+1C8,745,flatNominal,7.314854251198806,14.34852414756772,0.0,14.996862909535869,0.3730349400869908,15.004000171699667,-0.350558368409912,0.6374345005033155,0.40323025851531163,-0.014752794185114293,-0.03879171452004805
82,LCO,R+1C9,1188,flatNominal,7.392835421339033,14.331549564749974,0.0,14.960327748739367,0.3889296707035405,14.984421022146844,-0.3587430446604855,0.25162050718510964,-0.2255967462505971,-0.009848431414221386,-0.05416398803824249
83,LCO,R+2C1,525,flatNominal,7.411853101896829,14.334930470480508,0.0,14.972079853959068,0.3787154534071946,14.996767164393543,-0.3569166985045215,0.10366539291859461,0.13288984349281813,-0.0206679815698236,-0.12326923089858938
84,LCO,R+2C11,85,flatNominal,7.42452844398264,14.298528614180285,0.0,14.942501475091941,0.3666191334454087,14.958422423394275,-0.3579891929686006,0.3555541078030002,-0.12718395648804015,-0.04409871736678582,-0.05781219066308473
85,LCO,R+2C13,1310,flatNominal,7.386118220560162,14.334653913952819,0.0,14.982992675920967,0.3730349400869908,14.988975283990909,-0.3692022563581643,0.9643338307729241,0.4802140654172288,-0.09166096629148171,-0.013214186106355698
86,LCO,R+2C15,1154,flatNominal,7.374828450511268,14.329730073882988,0.0,14.9543457264993,0.3991737687718191,14.988168839897458,-0.3494084861670011,0.45216623381343024,0.10223997685197077,-0.02294864903006228,-0.04335001366593611
87,LCO,R+2C17,274,flatNominal,7.3521232702049195,14.371088031929805,0.0,15.059595755954147,0.284060078392255,14.947331182149187,-0.4460977591573998,0.8900330841032711,0.21067318113707634,0.017810311289302397,0.09624522689469012
88,LCO,R+2C18,884,flatNominal,7.4826914069482,14.334383194345868,0.0,14.982721956314018,0.3730349400869908,14.90371847106685,-0.4905654583288699,0.5319620465210548,0.3785058548966778,0.06935434934576568,-0.020224103998081257
89,LCO,R+2C19,1128,flatNominal,7.400055973234572,14.371934388904574,0.0,15.014503083776798,0.3667705095006081,15.010013227336973,-0.3744389917672555,1.0173475422712621,0.4290949446000907,0.020273216818724307,0.06804278869911227
90,LCO,R+2C2,700,flatNominal,7.432332120238591,14.320983541740116,0.0,14.969322303708266,0.3730349400869908,14.94185463531577,-0.3784775596416774,0.6230002157718317,0.5344609285127828,-0.0016017743521180416,-0.11784385167095428
91,LCO,R+2C20,231,flatNominal,7.419645371874107,14.33388930582956,0.0,14.98222806779771,0.3730349400869908,14.98473423437727,-0.3692373621669536,1.0779266322992602,0.669700755921523,0.022705004170475662,0.09961212985672008
92,LCO,R+2C21,634,flatNominal,7.37483447344415,14.412580065917034,0.0,15.075553805544592,0.3356485519923251,15.027709700913146,-0.4106946618614937,-0.4835459263562236,0.625838703518383,0.0408340289738002,0.1053491771951429
93,LCO,R+2C22,1090,flatNominal,7.379304922790726,14.340484843751348,0.0,14.9888236057195,0.3730349400869908,14.971836625623105,-0.3592969534309595,0.9945251849242791,-0.11046024230251796,0.020443548547891262,0.1255880939904745
94,LCO,R+2C23,470,flatNominal,7.397918660123361,14.321551242062538,0.0,14.951736693046659,0.4020595010395633,15.003657198286602,-0.3406624636446856,-0.07673319995853972,0.36543293575083147,0.030724686252171327,0.14097480944837862
95,LCO,R+2C24,834,flatNominal,7.362884540579201,14.335754898263154,0.0,14.984093660231304,0.3730349400869908,14.969941872266567,-0.4216423272924047,1.20293122191572,0.22069026410389642,0.06764854546697016,0.0877833033223807
96,LCO,R+2C25,513,flatNominal,7.417738108704699,14.325614488752292,0.0,14.971165895864702,0.3738839179392784,14.971164562570712,-0.3581657984117571,-0.46635097656959046,0.21795719835060196,0.08587051899693407,0.15045152101691034
97,LCO,R+2C3,1389,flatNominal,7.384829069654808,14.340949302426806,0.0,14.97789538720993,0.3757680095933284,14.999688410812468,-0.378833979713912,-0.14490942653622574,0.2012202018067813,-0.017085980580417548,-0.10918129726849657
98,LCO,R+2C4,1278,flatNominal,7.383215236366499,14.339884905836268,0.0,14.988223667804418,0.3730349400869908,15.022180003108225,-0.3165249343533427,0.7318199384534686,-0.006195991592213679,-0.02075561946273755,-0.08945118557930422
99,LCO,R+2C5,224,flatNominal,7.423709572696964,14.30807063059773,0.0,14.957556747113506,0.3742891759417356,14.956208093907136,-0.3920857469419664,-0.4196165869313484,0.16311948109729835,-0.024905856438740968,-0.08797154854127637
100,LCO,R+2C6,939,flatNominal,7.380797050041371,14.35634562579366,0.0,15.00468438776181,0.3730349400869908,15.00828357190397,-0.3832054605161744,0.4835083698709185,0.6329336217208769,-0.03718856576802265,-0.015383324065590889
101,LCO,R+2C7,718,flatNominal,7.314909199028527,14.33089058670052,0.0,14.968244168544343,0.38793623520729,14.971371559356317,-0.3569931209636163,0.476680103987226,-0.08965535645059691,-0.05216389410668246,-0.04617354586992224
102,LCO,R+2C8,701,flatNominal,7.37570974071406,14.375304530991055,0.0,15.023643292959205,0.3730349400869908,15.014136383178478,-0.3955541933030612,-0.0978914643408466,0.36547230407865683,0.023019983143731243,0.07199345354331893
103,LCO,R+2C9,1273,flatNominal,7.365277931756957,14.37230246319734,0.0,15.015674973727354,0.3829101263286846,15.03786213579837,-0.3600407256809245,0.9876307269119409,0.5643845861264534,-0.09112423714624793,-0.07065670346120867
104,LCO,R+3C1,213,flatNominal,7.397873419711942,14.36969124370972,0.0,15.031093120997324,0.3503214413347922,14.994801555893412,-0.4077999553481763,1.2247746361768732,-0.18668514832282945,-0.00045679987282382854,-0.17029811297352795
105,LCO,R+3C10,24,flatNominal,7.350544837041342,14.301193201243233,0.0,14.949531963211383,0.3730349400869908,14.932077362547039,-0.396191056988296,-0.09446395346590478,0.051803333768659476,-0.041802658739343426,-0.04012518716784278
106,LCO,R+3C11,1366,flatNominal,7.436964028265123,14.324180808300163,0.0,14.957144343164277,0.396919368962219,14.978295899685447,-0.3483967798644583,-0.12453983194470708,0.6062304649712771,-0.03308947801582954,-0.02637067506496521
107,LCO,R+3C12,773,flatNominal,7.365263689516839,14.340771378750727,0.0,14.989110140718875,0.3730349400869908,14.978416493916832,-0.38161315060025,0.22222150450914366,0.3800215018830382,-0.04606977775738787,-0.008758396962509137
108,LCO,R+3C13,1059,flatNominal,7.373120572457999,14.346286446146976,0.0,14.98580404589562,0.3783223381263458,14.999276183721644,-0.3661063163715439,-0.6218957429675394,-0.127326254720793,-0.06572415711337634,0.00725791045149086
109,LCO,R+3C14,1067,flatNominal,7.379197635735784,14.348358485660992,0.0,15.049131762666027,0.2780931732114579,14.943095372007829,-0.4493537568465566,0.5243439956030078,0.2856261991309769,-0.0200239808744154,-0.0432352990839158
110,LCO,R+3C15,426,flatNominal,7.4288335305532005,14.363780689126106,0.0,15.012119451094257,0.3730349400869908,15.012035321302745,-0.3744233981455511,0.9065881186668145,0.1662156543382879,-0.017215406235736815,0.06538209719308144
111,LCO,R+3C16,873,flatNominal,7.455640993026456,14.31271727693376,0.0,14.99559376270172,0.3044288930581384,14.90407488850594,-0.4431882753687291,0.16993046625713132,0.3776538413896712,-0.028674270707614476,0.004891396175074629
112,LCO,R+3C17,609,flatNominal,7.381941091466215,14.380101567614762,0.0,15.02844032958291,0.3730349400869908,14.962732407534611,-0.4750184194656247,1.036356641055153,0.7897787866457868,0.07611238409411757,-0.01838411203203902
113,LCO,R+3C18,583,flatNominal,7.409519658993228,14.34769142094505,0.0,14.992487941429227,0.3792970406306832,14.992720209764645,-0.3708872459066017,0.5138461618200052,-0.277186629544799,-0.02031860272330768,0.06037386432539254
114,LCO,R+3C19,1180,flatNominal,7.342844566228273,14.385129621673041,0.0,15.03346838364119,0.3730349400869908,15.012159459844677,-0.4048458909976178,-0.4635855573704414,0.4460176467258774,-0.012445863867118608,0.10619677786413306
115,LCO,R+3C2,6,flatNominal,7.4205736122829205,14.3159964312831,0.0,14.96433519325125,0.3730349400869908,14.962009854223286,-0.3427511740407688,0.7730167773055481,-0.16932069917899734,-0.016939197605429966,-0.1093345181861168
116,LCO,R+3C20,234,flatNominal,7.4215030183023245,14.308115083146589,0.0,14.968734233523952,0.3613601534402991,14.941982976508118,-0.3871319935424695,0.4120786662167921,-0.1155770485808996,-0.004966095773875521,0.10887641613599264
117,LCO,R+3C22,427,flatNominal,7.449369532741693,14.317990665919691,0.0,14.984324821230699,0.338753955124036,14.935865688003886,-0.4016203209974057,0.25604260492210423,0.1258465169974135,0.04338944346770253,0.13120379944855876
118,LCO,R+3C23,850,flatNominal,7.405187984831034,14.333516156429397,0.0,14.981854918397547,0.3730349400869908,14.89416182500967,-0.4895509846949815,0.524993997704974,0.5965210124677169,0.047424945923645184,0.12076643869123693
119,LCO,R+3C24,1283,flatNominal,7.3799139095053725,14.316416198855046,0.0,14.976521380424677,0.3846675687727019,14.96738815244271,-0.3548740327791461,1.144049511220166,0.26924991668747084,0.01877208728189879,0.1374453671435683
120,LCO,R+3C3,767,flatNominal,7.387620564015065,14.374548895615082,0.0,15.021658015230928,0.3724609220845524,15.037413211053394,-0.3749080205996187,0.5635385218738342,-0.12102598795329766,-0.029248068476407155,-0.057563640848738704
121,LCO,R+3C5,602,flatNominal,7.456123748724163,14.353959284923482,0.0,15.02133424681713,0.3607792574317818,14.988817423575378,-0.3801523151477162,0.5035785064727305,0.5209031618766866,-0.012618185402055889,-0.03681478578980797
122,LCO,R+3C6,553,flatNominal,7.333245797672129,14.333404895449117,0.0,14.981743657417265,0.3730349400869908,14.977149661858217,-0.3658407472671455,-0.9870653946904575,1.082569827427187,-0.05314820978020345,-0.019589122647010706
123,LCO,R+3C7,1315,flatNominal,7.410068345523534,14.343797543561866,0.0,14.992258295779592,0.3756378496724855,14.991553800706642,-0.365072117130595,1.2052410603698407,0.6133589031064026,-0.026365062141384787,-0.03364817184638658
124,LCO,R+3C8,998,flatNominal,7.37323411518844,14.320441559366515,0.0,14.968780321334664,0.3730349400869908,14.953625137233278,-0.3810444550374505,0.5451470617428191,0.2951884720597047,0.025782484876788976,0.14601263044122514
125,LCO,R+3C9,713,flatNominal,7.376357515032824,14.297316066726271,0.0,14.930456910263077,0.3808191425491389,14.966700926165954,-0.3524155733959071,0.6533524361233005,0.27643932491945433,-0.03668803780566757,-0.0162039632855605
126,LCO,R+4C1,883,flatNominal,7.412219509611541,14.333023777686112,0.0,14.973206194062374,0.3701652635583837,14.996039688513891,-0.3734823059338279,0.2653981061637983,0.18439094823400626,-0.017672658624078456,-0.11284892831058194
127,LCO,R+4C10,306,flatNominal,7.4584827736107595,14.321771314972846,0.0,14.970110076940996,0.3730349400869908,14.96090687678789,-0.3636461658446128,0.5489769310491496,0.14619112709054044,-0.039754771286776264,-0.06900670349426613
128,LCO,R+4C11,953,flatNominal,7.4453824330901766,14.324371529397357,0.0,14.972710291365505,0.3730349400869908,14.944242319918907,-0.3969083511617211,1.117751073626608,0.4408917264284573,-0.02255012179680157,-0.04081583365008859
129,LCO,R+4C12,1327,flatNominal,7.409961129827989,14.296013789747942,0.0,14.944352551716092,0.3730349400869908,14.95424633053196,-0.3541788724612402,0.5279494749655951,0.8397420582944704,-0.035153154217560656,-0.0371420570030249
130,LCO,R+4C13,557,flatNominal,7.344507654310173,14.34215662854,0.0,14.99049539050815,0.3730349400869908,14.993458394312714,-0.3694917160117847,0.7008047416105506,0.611960226162424,-0.030807220635052965,-0.00930539871505745
131,LCO,R+4C14,116,flatNominal,7.41476401571996,14.284465474767991,0.0,14.932804236736139,0.3730349400869908,14.940075239862004,-0.3764039485027844,0.8964697741575702,-0.0950873991187213,-0.11267075972671287,0.03890828860531359
132,LCO,R+4C15,558,flatNominal,7.345992872891618,14.36367370491568,0.0,14.993509937436409,0.3933689828220915,15.02432553928615,-0.3343179821191024,-0.3187991089811973,-0.054685305662848724,0.015772259947141064,-0.05049049387989346
133,LCO,R+4C16,923,flatNominal,7.397798014268961,14.375805962349155,0.0,15.024144724317305,0.3730349400869908,15.031530490580087,-0.379076780546307,0.09100984096418802,0.9772353844608404,0.0801196704444681,-0.028016875104870637
134,LCO,R+4C17,1102,flatNominal,7.38993101411671,14.34856962333956,0.0,14.992246277310123,0.3730166338869168,14.99625059767391,-0.3738995850002513,0.5836595313510708,0.3259940710630772,0.022383549339387715,0.18200177723804645
135,LCO,R+4C19,576,flatNominal,7.396881442258266,14.331867684508232,0.0,15.000003182213653,0.3496687186644565,14.962353969831403,-0.3980097321416774,0.08067530365988826,-0.14093877078925895,0.006833551821498618,0.10490008142430128
136,LCO,R+4C2,931,flatNominal,7.380362673798374,14.357941856327997,0.0,15.006280618296145,0.3730349400869908,14.987305340911785,-0.3790060683268729,1.3542996563750132,0.42874613232174197,-0.052521609164060755,-0.11438219281545536
137,LCO,R+4C20,980,flatNominal,7.364308232515615,14.321101562126827,0.0,14.969440324094975,0.3730349400869908,14.978769876718053,-0.3835743816076015,0.41437845333004936,0.17659660047355757,-0.015049292303940665,0.1063223801807727
138,LCO,R+4C21,1284,flatNominal,7.3520926629994765,14.34764968518767,0.0,14.981948649550285,0.3846212865852376,15.001897109273092,-0.3600519816499067,0.3395575878107858,-0.015571920144978078,0.0531126548078289,0.1252715089981163
139,LCO,R+4C22,777,flatNominal,7.336765554855788,14.331811203316729,0.0,14.980149965284877,0.3730349400869908,14.919332294781269,-0.4596447211764784,-0.0399514871349124,0.5680481313020258,0.047690996349562725,0.12699457959834182
140,LCO,R+4C23,193,flatNominal,7.422941296360083,14.335769370998776,0.0,15.029809860734034,0.2847485319327241,14.918004896803682,-0.4394638428266023,0.8389636678867562,0.13583271112818657,0.038267409097020644,0.13292324885137294
141,LCO,R+4C3,1322,flatNominal,7.413270154415633,14.334217257137501,0.0,14.975791400614257,0.3801926667469002,15.005520568487126,-0.3636899015741202,0.05592302654899014,0.04133466691576237,-0.05037671452019544,-0.10377883546681159
142,LCO,R+4C4,656,flatNominal,7.451260014638271,14.342717347064264,0.0,14.991056109032414,0.3730349400869908,15.001955077661858,-0.3594196008047105,-0.236249565897806,0.7523053798098067,-0.034594507215907636,-0.09049631030565636
143,LCO,R+4C5,1021,flatNominal,7.362306966432588,14.346239205215344,0.0,14.992424524076606,0.3801850852616109,14.983838091034693,-0.3700530984411569,1.0904791226933879,0.5457501948704315,-0.039857287628221896,-0.06952502226896469
144,LCO,R+4C7,977,flatNominal,7.379270017880426,14.33858536394536,0.0,14.970720788154596,0.4171568793940705,15.002733993163137,-0.3296687342583581,-0.022741813217367603,0.08996328410150511,-0.03806772396980494,-0.08271860110157982
145,LCO,R+4C8,952,flatNominal,7.424593335931288,14.383219714626048,0.0,15.0315584765942,0.3730349400869908,15.038972556308908,-0.3694148317749607,-0.18659099471635304,0.03926978211481319,0.029165294657295525,0.04054409142323825
146,LCO,R+4C9,536,flatNominal,7.382154572628476,14.327642310780117,0.0,14.975577703610881,0.3680914370100466,14.973889046446354,-0.3827948108827025,0.14377423537406642,0.1752135888261543,-0.049024888070986844,-0.05097236467680194
147,LCO,R+5C1,1214,flatNominal,7.396931981754905,14.309374283342917,0.0,14.95446913148185,0.387991689763044,14.986883814647847,-0.3903681276499954,-0.7164197793860143,1.0651486181109329,-0.0656084446180075,-0.11462955733802584
148,LCO,R+5C10,1390,flatNominal,7.409125817178653,14.345545862860615,0.0,15.001833519152965,0.3618251258489121,14.98062820152946,-0.3884033581219263,0.1280916315838483,0.5399486384804117,-0.0729482912902782,0.021736019055079776
149,LCO,R+5C11,653,flatNominal,7.386349627500082,14.327233492628915,0.0,14.988282456315012,0.344350266391757,14.954253990810775,-0.3983242391843468,0.3588781859732373,0.06809861071924489,-0.03414966061933584,-0.02185251595270748
150,LCO,R+5C12,727,flatNominal,7.419181412460384,14.322979369548664,0.0,14.965042572935733,0.3701749018853164,14.972327477148873,-0.3773137986941585,-0.08543829063508337,0.06097337127386676,-0.021631364537271207,0.022616072638379732
151,LCO,R+5C13,785,flatNominal,7.36947694834531,14.360541292021711,0.0,15.006639567777873,0.3821176919077033,15.011756362964565,-0.3624227736702824,0.7007903966151738,0.4625512635122282,-0.032984310848019255,0.0387658926587737
152,LCO,R+5C14,1234,flatNominal,7.349352090515849,14.318030110060644,0.0,14.97946191571717,0.3472920675375702,14.958896850431879,-0.3974328972269227,0.8197118076594583,0.38009694281084255,0.06662526290370857,0.005812816559828816
153,LCO,R+5C15,783,flatNominal,7.376516369411311,14.310768968986203,0.0,14.959107730954353,0.3730349400869908,14.901547386134034,-0.4777267921278166,0.5727407474040072,0.9560166670288301,0.020787613132630837,0.00630353452851337
154,LCO,R+5C16,915,flatNominal,7.362520306466795,14.295297481350024,0.0,14.942043664144254,0.3624372956314141,14.950070965825951,-0.3893473576062849,0.33523308605120594,-0.004741364158343345,-0.05755464273292266,0.0619472196670448
155,LCO,R+5C17,562,flatNominal,7.405351456238426,14.326863466853705,0.0,14.975202228821855,0.3730349400869908,14.942243184170966,-0.428320610894784,0.9781410840486755,0.12834852628153975,-0.008727688538944971,0.10837486688256862
156,LCO,R+5C18,1224,flatNominal,7.392052074986224,14.377556273683465,0.0,15.077365908647176,0.2411988394331457,14.955490837009476,-0.4890199554759878,-0.30793772775811634,0.30605599162209884,0.001853346304350669,0.09869213405526134
157,LCO,R+5C19,1171,flatNominal,7.376784626448618,14.374224834062634,0.0,15.022563596030784,0.3730349400869908,15.018561746034129,-0.3621105633907897,0.1290331440469394,0.009512372224404167,0.011903176130833281,0.17951844493731653
158,LCO,R+5C2,168,flatNominal,7.383859745261969,14.355915980227785,0.0,15.004254742195934,0.3730349400869908,14.993339710603752,-0.3977848259132995,0.17749053318916413,0.6698722636652845,-0.09822250728624157,-0.0846120712571726
159,LCO,R+5C20,601,flatNominal,7.377350962772245,14.328960087942274,0.0,14.972368388464329,0.3910444692902683,14.98449150526719,-0.3546022710855263,-0.6211490515861042,0.3403224518171779,0.02295820101319549,0.1429533225848285
160,LCO,R+5C21,1399,flatNominal,7.341904124318675,14.380432655897604,0.0,15.028771417865752,0.3730349400869908,15.046570684653702,-0.3499949022861179,-0.404792431677678,0.4170600166659478,0.0169758218166981,0.1221960276853969
161,LCO,R+5C22,876,flatNominal,7.431407741115494,14.315249419756352,0.0,14.967506128264445,0.3693567737599798,14.986976423456799,-0.3678016482427932,0.3072693499366116,0.31277128096863294,0.010230855534457232,0.1360147516148533
162,LCO,R+5C3,253,flatNominal,7.370210736270366,14.307237781620604,0.0,14.957635902744236,0.364680728063633,14.966325706187481,-0.3769384429830802,0.8471909221531848,1.119741939219328,-0.019418187276294338,-0.07293709523934142
163,LCO,R+5C4,51,flatNominal,7.368207009656391,14.298633850627851,0.0,14.946972612596001,0.3730349400869908,14.962902048251038,-0.3267183463484833,1.0175853386496856,0.022756106613546663,-0.05637550592875884,-0.08707880853222011
164,LCO,R+5C5,881,flatNominal,7.4078471488958195,14.3196390956286,0.0,14.977226112177352,0.3556992346958935,14.96930197897827,-0.3874343950855695,0.004797159400922289,-1.419835778640695,-0.03421780858022763,-0.07005474839863786
165,LCO,R+5C6,163,flatNominal,7.393450874242525,14.353145294487923,0.0,15.001484056456073,0.3730349400869908,14.993008447661502,-0.3696516007180924,0.6093041638291623,0.7892334746884508,-0.024156170072090033,-0.027399381098255467
166,LCO,R+5C7,465,flatNominal,7.405938989358436,14.30208841263444,0.0,14.956263059372917,0.3519730570699552,14.947855879311975,-0.3898303023068573,0.07128032729726136,0.0979423678357988,-0.08895584075836403,0.010613480378238994
167,LCO,R+5C8,1320,flatNominal,7.367405378936649,14.30983499319591,0.0,14.958173755164058,0.3730349400869908,14.954465980516119,-0.3468935883006699,0.26803335289303426,0.6233526469703303,-0.04837589901581529,-0.061968186264119526
168,LCO,R+5C9,911,flatNominal,7.37292251898691,14.289227612616784,0.0,14.943239352620587,0.36692769387734,14.916606852597521,-0.3645298181382456,0.06277229260343316,-0.060503771052098775,0.04437646179643548,-0.017218315959511822
169,LCO,R+6C1,1343,flatNominal,7.419111175149645,14.327361105441394,0.0,14.977427358968535,0.3850320004280632,14.948312040275344,-0.3711360801187532,1.246716439046276,0.6052595830744805,-0.07673409304203901,-0.10904096819303019
170,LCO,R+6C10,1305,flatNominal,7.379466722229893,14.352857323207434,0.0,15.001196085175584,0.3730349400869908,15.00572746507546,-0.3574725104671843,0.23239306191161258,0.3471597788364862,0.027890811302447544,0.014014262645641665
171,LCO,R+6C11,768,flatNominal,7.421647926605183,14.361156942457693,0.0,15.009495704425845,0.3730349400869908,15.00149369495443,-0.395787374373147,0.4364568642898941,0.19693524109811006,0.040479445839535944,0.06936016900924616
172,LCO,R+6C12,679,flatNominal,7.417124840418971,14.333244544018108,0.0,14.981583305986259,0.3730349400869908,14.963100332724126,-0.3931834994151268,0.5854694567334844,0.17363861451715693,0.05921870220702739,-0.0677670153163957
173,LCO,R+6C13,342,flatNominal,7.4320857102612425,14.316413577437908,0.0,14.964752339406058,0.3730349400869908,14.965646525810456,-0.381884142640828,0.7117713271525608,0.44842791788467606,0.047144042198768166,0.009250677989471252
174,LCO,R+6C15,1024,flatNominal,7.407959587526769,14.317961140062797,0.0,14.99545011752079,0.3830518310720331,14.987146596327008,-0.3609898844148055,-0.2622876535069531,-0.3416728180754799,-0.08987039034112944,0.03318663868327566
175,LCO,R+6C16,152,flatNominal,7.409965003433479,14.35483412660232,0.0,15.003172888570468,0.3730349400869908,15.008446385607325,-0.3635233175846711,-0.1350464940506188,0.016951447382345892,-0.05372047933428177,0.07657732664132863
176,LCO,R+6C17,1313,flatNominal,7.350159907545979,14.327865309703196,0.0,15.013395951590535,0.2849307982999959,14.912200337178753,-0.4805947704584888,0.46740205800447465,0.3007522775536753,-0.05953526124785544,0.01800749346733864
177,LCO,R+6C18,560,flatNominal,7.388804348585362,14.32940751834831,0.0,14.977746280316458,0.3730349400869908,14.971438313741203,-0.3650201919617624,-0.20848636338969684,0.4831506459733367,-0.017723795985661525,0.08110357492647033
178,LCO,R+6C19,862,flatNominal,7.370160171557652,14.325230076624544,0.0,14.968904069761363,0.3948898710589174,14.985744404481295,-0.3773755350505339,0.11101104906016308,0.3739296374495082,-0.045710157428320713,0.05008602029043444
179,LCO,R+6C21,1088,flatNominal,7.373493072936066,14.33459107387154,0.0,14.984410974995722,0.3650447731272753,14.970915446885398,-0.3687844056475185,0.8688351381142954,0.03837463577612607,0.030417738134780152,0.10692336342728244
180,LCO,R+6C3,121,flatNominal,7.377818411185399,14.341949233078173,0.0,14.98916799710734,0.366942500853502,14.995448181014444,-0.3596369835113212,-0.3141040747482923,0.09057456283702954,-0.08409385845821948,-0.03669098113432774
181,LCO,R+6C4,1259,flatNominal,7.3671024721110605,14.310932979855775,0.0,14.959271741823922,0.3730349400869908,14.957325806644095,-0.3709540105849536,0.18444145375689777,0.3003418585259172,-0.08149959554658665,-0.04098990875323255
182,LCO,R+6C5,530,flatNominal,7.37765839752681,14.35490203199667,0.0,15.009911669005318,0.3681298797040632,14.97714083219338,-0.3703797298272302,0.8256687445712088,0.8111262926096908,-0.08853480851091455,-0.12112469760129776
183,LCO,R+6C6,526,flatNominal,7.378149621808539,14.386062296808873,0.0,15.034401058777023,0.3730349400869908,15.015480167837357,-0.3877676992767641,0.254101006010301,0.2041906953863677,-0.07119817608255904,-0.10312765175569273
184,LCO,R+6C7,1394,flatNominal,7.394029143592144,14.287631704065541,0.0,14.941813382210121,0.3519882870081808,14.926760171051793,-0.3971889375095484,0.18552025802908745,0.3190344959732795,-0.11514120086003662,-0.019889658147153808
185,LCO,R+6C9,826,flatNominal,7.367022228985153,14.278123065964092,0.0,14.92646182793224,0.3730349400869908,14.920650647129648,-0.3592361865395451,0.7481505662817561,0.009029172244386062,-0.016767079582131906,-0.14607702360081942
186,LCO,R+7C1,1375,flatNominal,7.366473022609839,14.3162691835842,0.0,14.973919985557737,0.3576467560135101,14.95457360235981,-0.3927890168145741,2.9946527267056315,-0.7730963776998057,-0.08443547496523368,-0.05803356943682811
187,LCO,R+7C10,482,flatNominal,7.375427307305979,14.331013603444514,0.0,14.971827207683052,0.3873940874015848,15.00519791795074,-0.368143547332101,0.6296413995349198,0.19678110798642173,-0.08454574876169332,-0.03632090589985866
188,LCO,R+7C11,1352,flatNominal,7.411278883144936,14.305117917990728,0.0,14.949544520691866,0.3659961544213215,14.929499892634368,-0.397612770818642,0.48149278540401175,0.1746824032350731,-0.0615835301105188,-0.03188924754470328
189,LCO,R+7C12,728,flatNominal,7.435807679328711,14.313844013658812,0.0,14.977760751287144,0.3973826455780065,14.961745123679187,-0.351153968719269,0.5760102793954467,-0.0529419587000422,-0.07100278717682318,-0.02191313737300845
190,LCO,R+7C13,1089,flatNominal,7.358485700641873,14.334839957891226,0.0,14.969622511096832,0.3811873433925541,14.997482754980746,-0.3493264125497311,1.039899741433501,0.0031742774427527378,-0.03242270138393269,0.04364057585535049
191,LCO,R+7C14,659,flatNominal,7.361644421308659,14.342342702265752,0.0,15.002723959075686,0.3660687641714537,14.980782940323822,-0.3730990417688264,0.7025686637323144,0.6439657683135213,-0.06881744952792496,0.045399830603206584
192,LCO,R+7C15,504,flatNominal,7.425551337342604,14.317946765446063,0.0,14.966285527414213,0.3730349400869908,14.967712047464632,-0.3710257777658825,-0.3539060969959864,0.32743344350212955,-0.058869213986533345,-0.06185603824643293
193,LCO,R+7C16,1299,flatNominal,7.3809643865982775,14.318091790960448,0.0,14.967550376101196,0.3594305535462697,14.990795091010412,-0.3634975837582587,0.3059795854770479,-0.22058021851583542,-0.07419693196210816,0.026454518393737674
194,LCO,R+7C18,843,flatNominal,7.449771279883322,14.325760784491703,0.0,14.97409954645985,0.3730349400869908,14.969462836331331,-0.4021729701726922,0.36043497858662743,0.004528103180572622,-0.03133785196947997,0.1825992822340028
195,LCO,R+7C19,453,flatNominal,7.432232184243429,14.313932529253524,0.0,14.962271291221674,0.3730349400869908,14.968877984900693,-0.3700838377003619,-0.15291634113132863,-0.9076246217387809,-0.029227216988091977,0.1471246056640858
196,LCO,R+7C2,1029,flatNominal,7.414742472929171,14.368934991211926,0.0,15.017273753180076,0.3730349400869908,14.978141610913951,-0.4102347157346583,0.12610721876108907,0.2912667341512315,-0.09351928696073591,-0.10571417668654609
197,LCO,R+7C20,801,flatNominal,7.373660556538576,14.32459032530098,0.0,14.964638026928759,0.369285269195662,14.969092416283154,-0.3537323023916673,0.26116122184931884,-0.11845791558897231,-0.021136591760734257,0.10720930386557795
198,LCO,R+7C3,499,flatNominal,7.4331434553750455,14.316290001318276,0.0,14.98965706982062,0.3280946503420324,14.97153256320431,-0.3978665631502173,0.5539434801622412,0.0074182664217573874,-0.06318719423986793,-0.06513403217104424
199,LCO,R+7C5,633,flatNominal,7.393346878687085,14.360382047649832,0.0,15.002825856733471,0.3766533917672285,14.98628568060924,-0.368254123544233,-0.9964961555607709,0.30996203261276023,-0.08616478011660147,-0.15155536651175877
200,LCO,R+7C6,788,flatNominal,7.372851270181016,14.329292007559346,0.0,14.977630769527496,0.3730349400869908,14.96653082581614,-0.4028285176119692,0.7105946517899628,0.8463897288544832,-0.13044089934187644,-0.07625874699471687
201,LCO,R+7C7,1138,flatNominal,7.360341037698028,14.302233572174135,0.0,14.948998129821595,0.3674876433297,14.930878742645996,-0.3698386574172377,0.16218644569355672,-0.3621845416013575,-0.08223009519765559,-0.006031567368954992
202,LCO,R+7C8,182,flatNominal,7.374174584694794,14.365507577023543,0.0,15.013394961452908,0.3622247907215088,15.020039034647928,-0.3699713036495702,0.1766527732831664,0.01865000385650814,-0.07404355297554924,0.003963801359902989
203,LCO,R+7C9,1269,flatNominal,7.358757352826133,14.343081776550019,0.0,14.985163857023775,0.3730108577708426,14.985472193140005,-0.3819035294291654,-0.5256319897262327,0.6192547515438144,-0.06589479426403466,0.012504402440871507
204,LCO,R+8C1,1015,flatNominal,7.377691804296841,14.372110192554688,0.0,14.997340937765692,0.4032120703872343,15.02525029227985,-0.3616326473584983,-0.6091525666917177,0.6687704533469313,-0.0691034067413788,-0.09056599400747081
205,LCO,R+8C11,1204,flatNominal,7.3593666979362515,14.341867363133542,0.0,14.990206125101691,0.3730349400869908,14.987934057820691,-0.3484180158004603,-0.23691915234161737,0.200100046044011,-0.028926370952724965,0.009989883906042205
206,LCO,R+8C12,1001,flatNominal,7.405735620080794,14.321057728745508,0.0,14.969396490713658,0.3730349400869908,14.962333503110555,-0.3770692987943047,1.7226338167206197,0.4821241824024095,-0.008708587887489152,-0.12302660225242051
207,LCO,R+8C13,290,flatNominal,7.400528419170658,14.377384056712945,0.0,15.025722818681093,0.3730349400869908,15.03389690191555,-0.3936158638510235,-0.965021065487089,1.047818178903161,-0.02359453473422382,0.005348298877895417
208,LCO,R+8C14,822,flatNominal,7.351775394392019,14.34825332845994,0.0,14.99659209042809,0.3730349400869908,15.004554347317255,-0.3199212138361344,0.22063534316760502,-0.007084822570160279,0.00287409699854403,-0.03261601570708688
209,LCO,R+8C15,754,flatNominal,7.331092422893904,14.326404429437675,0.0,14.98418616765101,0.359125998937118,14.97027176507405,-0.3743600829097931,-0.47892721236039004,0.08852031896525189,0.009996720545472685,0.06499460781702221
210,LCO,R+8C16,1005,flatNominal,7.378370821036237,14.329302516204413,0.0,14.97764127817256,0.3730349400869908,14.995562325864677,-0.3739110868536096,0.46624514276290957,0.3751112985468308,0.019320176040286477,0.10118424134238843
211,LCO,R+8C17,1230,flatNominal,7.37465672959741,14.31316024794558,0.0,14.969857230033773,0.3635274654665295,14.955825351998513,-0.3800785996373323,-0.17128545948780027,0.2170124130269202,-0.05650651789679785,0.019198013065347866
212,LCO,R+8C18,1027,flatNominal,7.335784740418333,14.334592685078533,0.0,14.982931447046683,0.3730349400869908,14.994285806856817,-0.366442679397764,-0.3636874254471615,0.13142677285058268,-0.01592084863229664,0.05472709616285373
213,LCO,R+8C19,937,flatNominal,7.392555145602884,14.341969494289884,0.0,14.99257627210712,0.3754799069010237,14.992838004333386,-0.3804884642682851,0.8357591152361235,0.32571085506245323,0.0030030662529912347,0.027358033401350953
214,LCO,R+8C2,686,flatNominal,7.481100227556405,14.321232076468899,0.0,14.969570838437047,0.3730349400869908,14.963167080484423,-0.3764918786510371,0.13727329516488213,0.762966422857388,-0.09126796450585686,-0.12212242848696706
215,LCO,R+8C3,874,flatNominal,7.455754547899097,14.389124588864023,0.0,15.026590127665449,0.3941575420013234,15.049650176777757,-0.3516663039401253,-0.2897532431493239,-7.496713669560568,-0.0980714081190106,-0.1320664901911762
216,LCO,R+8C4,549,flatNominal,7.416287602860572,14.308748975391566,0.0,14.957087737359716,0.3730349400869908,14.975652542745143,-0.3245778124218074,0.6340059920035481,-0.0884087906915864,-0.1413965796218017,-0.10807293483636085
217,LCO,R+8C5,618,flatNominal,7.3744351513276785,14.34494678210488,0.0,14.988414793288143,0.3683854239902611,14.975675390059406,-0.3770990502917567,-0.0169792627018086,0.6046696307451289,-0.10080842137423791,-0.14887301341779596
218,LCO,R+8C6,249,flatNominal,7.39710530942307,14.325422515461593,0.0,14.973761277429741,0.3730349400869908,14.994986541040502,-0.3467958671940717,-1.0202380145003547,-0.12855521101424555,-0.1457212178131566,-0.16829126714660408
219,LCO,R+8C7,855,flatNominal,7.407569461893076,14.324724682881294,0.0,14.973063444849442,0.3730349400869908,14.970052198277612,-0.3790142760130053,1.0126153048908972,0.2529459821708083,0.011168143297784247,-0.22536044123589027
220,LCO,R+8C8,1147,flatNominal,7.409276612717056,14.308104321309873,0.0,14.956443083278023,0.3730349400869908,14.962143828865866,-0.3808222698774445,0.407423961726476,0.3445928181012302,-0.0903378405659398,-0.18903386745576078
221,LCO,R+8C9,1164,flatNominal,7.38539949844585,14.300008999190167,0.0,14.948347761158317,0.3730349400869908,14.952892690628408,-0.35260375925603,0.1838161028891261,0.4744021135293088,-0.03876757127205701,-0.13690664562066085
222,LCO,R+9C1,974,flatNominal,7.402944509569119,14.34803165492717,0.0,14.970501437892427,0.405140833007816,15.009836873301557,-0.3634864430038224,0.2580652928569856,0.9461754872579944,-0.06050485353802586,-0.08771030118693662
223,LCO,R+9C10,1061,flatNominal,7.392665489758212,14.32284155426372,0.0,14.962245312847328,0.3916837778807226,14.967442597736552,-0.3518913684611777,0.04551215823858194,0.279849614649776,-0.0491907769763595,-0.0014043257589266965
224,LCO,R+9C11,1038,flatNominal,7.377162296908638,14.364947326536393,0.0,15.018248437378384,0.36155622852136,15.019465973628673,-0.3889047341998699,0.2674082289492544,0.6672958289744715,-0.05425540243320968,0.006874161576987462
225,LCO,R+9C12,863,flatNominal,7.403654758620092,14.323357249978026,0.0,14.969299672845276,0.3824584948481203,14.977968136912507,-0.3872604065206261,0.991939125787832,-0.473836709992834,-0.04230827871667471,0.023146819543818378
226,LCO,R+9C13,578,flatNominal,7.400029501065662,14.346450142493751,0.0,14.993491588353145,0.3813060281262606,15.031048705200506,-0.3914067849038672,0.6628189396584387,0.1257950565599505,-0.056613876819825444,0.051956267960115585
227,LCO,R+9C14,139,flatNominal,7.3497727843436325,14.356963637479339,0.0,15.051269910363887,0.256539459997569,14.941641469167285,-0.4554735815453172,0.4851756508696535,0.13551716616638876,-0.03553946703714255,0.04908149274953819
228,LCO,R+9C15,480,flatNominal,7.415291556307148,14.28865339665929,0.0,14.936992158627438,0.3730349400869908,14.95526971411758,-0.3737498688744682,-0.33687404827013423,0.7720552429110674,-0.02578669160901718,0.07439333911904279
229,LCO,R+9C16,845,flatNominal,7.445532198939556,14.350867566849596,0.0,15.031084248223562,0.29085775201819,14.953235159368605,-0.453281552764997,0.9515563369272263,0.107027404377918,-0.013910307739469427,0.07846991502893408
230,LCO,R+9C17,1079,flatNominal,7.360016635713581,14.320717995428286,0.0,14.969056757396434,0.3730349400869908,14.990072472243899,-0.3365572927512986,0.3100742723121992,0.576388026885084,-0.034300793384317935,0.11450803262564752
231,LCO,R+9C18,1298,flatNominal,7.421292428579678,14.326593254506104,0.0,14.990730053883983,0.3294420755319555,14.958038096826678,-0.4152300950332925,0.41550477462426894,0.17664037509174957,-0.007183373058797763,0.0880851624152513
232,LCO,R+9C2,836,flatNominal,7.398141403874092,14.307026957486936,0.0,14.955365719455084,0.3730349400869908,14.973018884208972,-0.3405589226505778,-0.7396661939655279,0.23581380480237327,-0.08880929045460904,-0.03426047404414618
233,LCO,R+9C3,643,flatNominal,7.398312830397339,14.306577493711877,0.0,14.959165856824765,0.3524832128568017,14.972372401381561,-0.3893781655636084,0.7803037320859605,0.9380491583380905,-0.09173895641347182,-0.03378858914921076
234,LCO,R+9C4,584,flatNominal,7.410405227384125,14.360554130688495,0.0,15.008892892656645,0.3730349400869908,15.031256290113575,-0.3857295974389194,0.33022470908436863,0.31946783436215087,-0.09890357686561191,-0.04611590786264222
235,LCO,R+9C5,696,flatNominal,7.4148654750417835,14.34580643678745,0.0,14.981684391849376,0.3902484135568442,15.011952548872095,-0.3621106645250802,0.49391536630870236,0.6956281494624794,-0.07975214615212414,-0.05454108242849689
236,LCO,R+9C6,670,flatNominal,7.352548867249413,14.353332163237566,0.0,14.994929547357373,0.3691633855660847,14.995368393627167,-0.3952283529831956,0.14552019291183615,-0.1431574432146408,-0.09897451575788221,-0.04455510338925457
237,LCO,R+9C7,229,flatNominal,7.365785379929087,14.346635668936099,0.0,14.988524761622429,0.37626630798173,14.996979009415885,-0.365501267749427,0.34211068774010867,0.6287631289119197,-0.08075848420667384,-0.0690432355114324
238,LCO,R+9C8,512,flatNominal,7.3923450805993145,14.317097414898903,0.0,14.96426683918619,0.3722268674430246,14.973204367786051,-0.3733954916256528,0.5095390404518987,0.7117401386911639,-0.058079159756565246,-0.00924270773584502
239,LCO,R+9C9,798,flatNominal,7.371185189314704,14.329226423143387,0.0,14.976214204582671,0.4132937718289926,14.996941490801216,-0.3481607908883124,0.3927020956327136,-0.1438515187321647,-0.07990936779915755,-0.04531014084006843
240,LCO,R-10C1,145,flatNominal,7.336367177382527,14.348940983722049,0.0,15.008288723444368,0.3439899425973455,14.96569886582097,-0.4016217911711188,0.7123117099413272,-0.5929238722834115,0.028130996616601678,-0.07400622692976624
241,LCO,R-10C10,928,flatNominal,7.380609719030893,14.331516285450572,0.0,14.97985504741872,0.3730349400869908,15.000815028939188,-0.3679925171309754,0.9815540667739111,0.32956836008913115,0.15359716477040541,0.07454004768263281
242,LCO,R-10C12,732,flatNominal,7.374649856279175,14.32022615382337,0.0,14.96856491579152,0.3730349400869908,14.97664922734715,-0.3928212018436641,0.6981497611373102,0.253453698973261,0.11208181350219185,0.10236652801180213
243,LCO,R-10C13,537,flatNominal,7.366691819152876,14.335422213748162,0.0,14.983760975716311,0.3730349400869908,14.932896342425405,-0.4232256102365005,0.24660407038934978,0.505527014099312,0.13603241976172403,0.08490603013995482
244,LCO,R-10C15,529,flatNominal,7.33995464804204,14.351458833238905,0.0,14.994163765697312,0.3702708997624686,15.00383668871763,-0.3692771004711143,-0.5523602747745185,0.35954707226307847,0.12474729098685233,0.13469476436576938
245,LCO,R-10C16,449,flatNominal,7.426414629232951,14.337500136352011,0.0,14.98583889832016,0.3730349400869908,14.880066281576777,-0.5142080718155477,0.3277822664841724,1.1136500900899757,0.0977664901578597,0.1484603397800409
246,LCO,R-10C17,149,flatNominal,7.479544244360257,14.338743778610873,0.0,14.948357049302901,0.429699044674715,15.010270818678343,-0.3328197091246219,-0.5670377322935918,0.5792601100849566,0.09225806619282842,0.09021710358403989
247,LCO,R-10C2,313,flatNominal,7.363979038469168,14.353481990709653,0.0,15.001820752677803,0.3730349400869908,14.950242531807781,-0.4331399163894183,-0.8811015839117537,0.24065881855047147,0.04605383927051204,-0.09921574100626987
248,LCO,R-10C3,1248,flatNominal,7.358689181935004,14.325472453692324,0.0,14.955749750550094,0.3925673399316545,14.96344239869076,-0.3473039714062157,-0.13564985420740835,0.9997681394100582,0.032675067207975854,-0.09968225565906996
249,LCO,R-10C5,1065,flatNominal,7.40215044788496,14.326590204529662,0.0,14.974928966497812,0.3730349400869908,14.969561833683017,-0.3550025288002282,-0.5034097793424526,0.7346515220198457,0.04182746347407955,0.036878433234605684
250,LCO,R-10C6,740,flatNominal,7.4275076462866725,14.324810412093619,0.0,14.973149174061769,0.3730349400869908,14.959157128857916,-0.4155497087230702,0.13235260386142716,-0.0018853360767063158,0.09305873130700079,-0.03996423305147542
251,LCO,R-10C8,764,flatNominal,7.371517253060357,14.337398902110696,0.0,14.985737664078847,0.3730349400869908,14.975546745231304,-0.3912058230085389,0.6647071636919355,0.19591785716309304,0.13582581151817957,0.010617585926632419
252,LCO,R-10C9,1367,flatNominal,7.426834257868827,14.311702753615307,0.0,14.960041515583455,0.3730349400869908,14.945935485696701,-0.3722745468761065,0.15496063566646273,0.16345495399268084,0.11203367034232221,-0.024015374990093843
253,LCO,R-11C1,266,flatNominal,7.378231092480908,14.31097270045925,0.0,15.01311771762383,0.2416985677823603,14.878430112860949,-0.5032705435636841,1.3588822062367236,0.22561204184054645,-0.00017655508879115385,-0.058099617339108
254,LCO,R-11C10,1066,flatNominal,7.363209203876254,14.337874164613243,0.0,14.972265686126574,0.3919270686267695,15.010827091080527,-0.348803794399576,0.6506390311687464,-0.004641811603786071,0.037308978060417955,0.04067852466370135
255,LCO,R-11C11,1211,flatNominal,7.43964135593499,14.364592793659021,0.0,14.988519206287576,0.4115999626258613,15.015478984601968,-0.3385199762980726,0.5744297453865919,0.4083439990040165,0.12260196100779992,0.0972876167328936
256,LCO,R-11C12,243,flatNominal,7.353907726683152,14.320212113315286,0.0,14.950719050040563,0.4111111705325385,14.974680512987632,-0.3478625671749104,0.4135858903710421,0.42994537029293967,0.09699725973264672,0.0375487317149482
257,LCO,R-11C13,137,flatNominal,7.423383340712499,14.376649885895391,0.0,15.076486255702115,0.2403891408061115,14.955335372286282,-0.4806559636874386,-0.6910548790461837,0.25925448233430487,0.10524559122572232,0.05140984245829558
258,LCO,R-11C14,73,flatNominal,7.4155111334338635,14.318339433833936,0.0,15.03175755710617,0.2177294970350713,14.890146991547025,-0.4869495557957339,0.845903943949635,0.719397440566617,0.0909228142488332,0.07404607791429482
259,LCO,R-11C15,794,flatNominal,7.397389200853085,14.290274580371838,0.0,14.938613342339988,0.3730349400869908,14.962100997598176,-0.3264455636850638,0.5764765993945167,0.14352207029984201,0.1253438655107349,0.0784752460927527
260,LCO,R-11C16,34,flatNominal,7.4041280334060335,14.392436547167854,0.0,15.042271661273828,0.3829014457680932,15.032985260395824,-0.3732132186944359,0.4461690776537468,0.14781956396155443,0.06032247685049218,0.06302931401013678
261,LCO,R-11C2,603,flatNominal,7.391917253926113,14.336016781720154,0.0,14.984355543688304,0.3730349400869908,14.975897043107379,-0.372004452933822,-0.20647507961745531,0.6833790944124392,0.08212924652471512,-0.08881875207561668
262,LCO,R-11C3,1022,flatNominal,7.403955646316298,14.357123195835396,0.0,15.002393766743415,0.3785115994556333,15.006551307155425,-0.362801321789442,0.5853111166963092,0.05968834527487879,0.03775364557273857,-0.010380963033650215
263,LCO,R-11C4,924,flatNominal,7.436286032892551,14.335690305574897,0.0,14.98219750105426,0.3781872858579181,14.991576260348497,-0.3651967745571938,1.0517044971962382,-0.1370759688218087,0.0705390772571148,-0.1014718580806706
264,LCO,R-11C5,403,flatNominal,7.435914587105137,14.333695959432866,0.0,14.976143765262407,0.3715375633966948,14.96165692610749,-0.3809934473629299,0.3845592478640807,0.6503498316557024,0.061094991127008905,-0.05463433088665072
265,LCO,R-11C6,545,flatNominal,7.33928606655876,14.293303320322345,0.0,14.930248596218554,0.3963111208560461,14.941468074841836,-0.3820737713663114,0.004798241431564326,0.2013679826049882,0.06092204061375399,-0.01686772480231413
266,LCO,R-11C7,154,flatNominal,7.40038331414058,14.354399202870969,0.0,15.007644818964588,0.3592748439034066,14.984636521963614,-0.385103106371124,1.2174129826568434,0.8301704482180339,0.041519032602223394,-0.013090060314300506
267,LCO,R-11C8,725,flatNominal,7.339835863079944,14.365271547704026,0.0,15.012966543853656,0.3742510288041751,15.004722210764458,-0.3595999614137906,0.020342736453655173,0.018426768325961324,0.03882354876397795,0.010700398242809776
268,LCO,R-11C9,161,flatNominal,7.488166455431736,14.34456839176384,0.0,14.985912026941438,0.3767012024084921,14.997881502850978,-0.3803293852915213,0.18992319430229054,0.28798858567532004,0.0778056842156144,0.022553812657856144
269,LCO,R-12C1,555,flatNominal,7.425073334434963,14.337243371549814,0.0,14.988586650167239,0.3670572838775726,14.980368669047918,-0.3637872731406857,0.25065871661598893,0.10933168708391383,0.03946556747881037,-0.022882089787310753
270,LCO,R-12C10,539,flatNominal,7.435698228609699,14.317167984504005,0.0,14.965506746472157,0.3730349400869908,14.978425198844128,-0.3141055719919211,1.007029047774133,0.8987789479219463,0.0984016368295636,0.07958528985180764
271,LCO,R-12C11,1197,flatNominal,7.325466288033461,14.352017309738084,0.0,15.000356071706234,0.3730349400869908,14.999055179913995,-0.3609386668911028,-0.3805559011119768,0.34009866468041944,0.07148385391734122,0.08772710910412236
272,LCO,R-12C12,1258,flatNominal,7.3702122908210885,14.324809761575771,0.0,14.973148523543921,0.3730349400869908,14.95036100437419,-0.3976579904818276,0.23981481743845526,0.02511156975099727,0.08733247456653898,0.021102268509545292
273,LCO,R-12C13,684,flatNominal,7.374894222759621,14.348388597817365,0.0,14.996727359785513,0.3730349400869908,14.99257687942216,-0.3462637706674881,-0.4964980947225941,-0.02781122811121771,0.09076633614390124,0.03633240415249077
274,LCO,R-12C14,1117,flatNominal,7.371544404923958,14.337124211581251,0.0,14.973455090294065,0.3828039424681561,15.006257296241671,-0.347992611302756,0.2373759504588523,0.6067244399352527,0.07526491007314645,0.11013377303691385
275,LCO,R-12C15,141,flatNominal,7.41366020402921,14.368993274264781,0.0,15.018742983048607,0.3837562132278971,15.002984642547885,-0.3389376169185389,0.6648230539085864,0.9583580827447653,0.09206590518153578,0.06925832365151627
276,LCO,R-12C2,1196,flatNominal,7.395133915122029,14.316008602500322,0.0,14.952319057747816,0.37735906702279,14.973566025436586,-0.3538210892696974,0.14114602970011653,0.23312756327551848,0.07581636480199887,-0.0805954786624668
277,LCO,R-12C3,1295,flatNominal,7.3896823228621304,14.346071971264141,0.0,14.99441073323229,0.3730349400869908,15.010593582900146,-0.3566885654626815,-0.46661328547640357,0.30186749769029,0.07702693311163095,-0.0718263465265289
278,LCO,R-12C4,540,flatNominal,7.3807973784252034,14.355082511733663,0.0,15.003421273701813,0.3730349400869908,15.021990746005551,-0.3683752980466625,0.48417930329728187,-0.07752756792150844,0.07992747711257436,-0.04465885050719043
279,LCO,R-12C5,1288,flatNominal,7.4171983974050315,14.356050887281185,0.0,15.004389649249335,0.3730349400869908,15.009848452096435,-0.3555302858200425,0.22881907359517217,0.16268356016959887,0.06756247558182052,-0.030567415121544136
280,LCO,R-12C6,1062,flatNominal,7.39585680377403,14.378566416915453,0.0,15.026905178883602,0.3730349400869908,15.016825767494971,-0.3583581301350359,-0.5775023116010929,0.5049428378110314,0.07453676262246764,-0.013473775433008307
281,LCO,R-12C7,815,flatNominal,7.37236816174917,14.36350373713892,0.0,15.01184249910707,0.3730349400869908,15.02178285352168,-0.3228194717452805,0.23184453857921053,0.5362367570219774,0.10516632604576626,-0.004617559461441303
282,LCO,R-12C9,1110,flatNominal,7.397407778709596,14.323508183169226,0.0,14.971846945137374,0.3730349400869908,14.99857894198637,-0.3590583797570761,0.13190856869414064,0.7009725186185454,0.09854122301217917,0.1142943539626472
283,LCO,R-13C1,811,flatNominal,7.416155944391976,14.318270338968182,0.0,14.965715488752489,0.3689848618010711,14.953858407835165,-0.3736530361030624,0.912073746083442,-0.005225187385227739,0.09266520755839334,-0.04850138952652005
284,LCO,R-13C10,1245,flatNominal,7.357077587349318,14.331074833976173,0.0,14.971897908905953,0.3898180945274818,14.973569095548145,-0.341823391258518,0.44230438226679447,0.4812935833173809,0.08438831899811211,0.07753406132171839
285,LCO,R-13C11,1077,flatNominal,7.408504279056146,14.343292518516172,0.0,14.992855106206944,0.3703183682829271,15.00011819649796,-0.3941979412068176,-0.0032332273412630794,0.32967446289442964,0.11939904765336393,0.09488421605572414
286,LCO,R-13C12,987,flatNominal,7.388310366950787,14.325148435661395,0.0,14.963243697970212,0.3916977309627401,14.96818826989184,-0.3676215086886187,0.9119231508383498,0.02712818368719198,0.11533052171442665,0.0438711446852007
287,LCO,R-13C13,568,flatNominal,7.388203566288242,14.316377041091492,0.0,14.968643215312808,0.3673967790862542,14.965483881605673,-0.3757794024905975,-0.5887684529892953,-0.16583470109718915,0.1003015647611861,0.06623872556355843
288,LCO,R-13C14,1119,flatNominal,7.398376046129705,14.321944646970845,0.0,14.970283408938995,0.3730349400869908,14.946053412391013,-0.3939285601382609,0.10323435268433245,0.2816487214770659,0.12261456340082796,0.041926049264179976
289,LCO,R-13C2,541,flatNominal,7.367631853075312,14.322353583225027,0.0,14.954411940252196,0.3915027516586413,14.979282124557871,-0.3519456981040799,-0.24540836360698404,-0.1911354427712728,0.05126381488680343,-0.03627097665649833
290,LCO,R-13C3,1385,flatNominal,7.397929091172917,14.328668355310455,0.0,14.973273613157765,0.3838179211863159,14.990677898365137,-0.3806285965174185,-0.4198275785258091,-0.201693232063141,0.08975202873793042,-0.06454489468309133
291,LCO,R-13C4,770,flatNominal,7.427707295000932,14.348436004012925,0.0,15.003528761358371,0.3813302674702006,15.015186618759207,-0.3543582047299382,0.111352450992002,0.6278700538016753,0.12791899533450793,0.02702718362247178
292,LCO,R-13C5,771,flatNominal,7.449524773784161,14.331998544792409,0.0,14.988203599767253,0.3795068342497402,14.990871933673093,-0.3808809798389183,-0.5005809732488329,0.3991453641075859,0.15028612965663513,-0.07503987456861755
293,LCO,R-13C6,1076,flatNominal,7.390706865689335,14.350221140628356,0.0,15.000029282480021,0.3893820480382816,15.010617136535222,-0.3741307376305825,-0.5339062456301418,-0.08181710616114511,0.13299794942337437,0.005435616590834856
294,LCO,R-13C7,1161,flatNominal,7.42812759741417,14.343209360434635,0.0,14.998238850794419,0.3730357245343534,15.005630390383699,-0.3678149699989094,-0.07257314261018805,-0.06511126725647154,0.07779106289213276,-0.006778536737144888
295,LCO,R-13C8,458,flatNominal,7.444333636458431,14.299163239755167,0.0,14.979872884184102,0.322472706501725,14.925929564491382,-0.4267658934694645,-0.2105074381107469,0.3724220273230169,0.07888386912806317,0.059683280362438446
296,LCO,R-13C9,829,flatNominal,7.414288109456608,14.324182200337791,0.0,14.98118615016648,0.3788852771697952,14.983919852442172,-0.3840464127294683,-0.5730014175262045,-0.15225428610815805,0.12268283910709046,0.07422075565959727
297,LCO,R-1C1,13,flatNominal,7.382281964026035,14.341649467682025,0.0,14.979259926359102,0.395674982809468,14.992953354939631,-0.3333718774080512,-0.4167367286523166,-0.14611042852440181,-0.02407324500955884,-0.07965730750279534
298,LCO,R-1C10,621,flatNominal,7.3755196462185975,14.308028833795996,0.0,14.956367595764144,0.3730349400869908,14.938897189863292,-0.3867120016889636,0.16805322535381084,0.0038878450497769074,-0.028262568053456914,0.014241916759315788
299,LCO,R-1C11,1146,flatNominal,7.375972895561599,14.337817290404576,0.0,14.969452458737463,0.3935084234300486,14.99759803839117,-0.3448809842084418,0.27714284866028377,-0.0004465001684052268,-0.006725267794368528,-0.04017072943371211
300,LCO,R-1C12,551,flatNominal,7.380310062632638,14.301305790321903,0.0,14.949644552290053,0.3730349400869908,14.948947050391503,-0.3688137383744399,0.6299772236726606,0.07991373250254653,0.03338895368534473,-0.057714317928779686
301,LCO,R-1C13,511,flatNominal,7.430332927090006,14.339434817529416,0.0,14.991662611305058,0.3623399746475389,14.980129100135532,-0.3804661643225153,0.20408787105770468,0.27485683404843364,-0.07609671181792071,-0.02214532670751574
302,LCO,R-1C14,479,flatNominal,7.390916834881194,14.370182841015758,0.0,15.073624009626599,0.2397703616951903,14.934211079954174,-0.492999778489488,-0.5314927570737734,1.061730679740705,-0.04695799956515613,-0.1064475409130188
303,LCO,R-1C15,472,flatNominal,7.420676840947898,14.330473872090245,0.0,14.978812634058393,0.3730349400869908,14.964399659992582,-0.375240446288054,-0.8594169659970974,0.012295913818450736,0.04479052357119587,0.025703043339648346
304,LCO,R-1C16,823,flatNominal,7.363848589230846,14.3725453760437,0.0,15.010598146314202,0.3770614217811131,15.021852544865554,-0.35210323418612,0.03736004082060543,0.13878333432350065,0.028112074014592245,-0.014949518604251907
305,LCO,R-1C17,173,flatNominal,7.405694345915597,14.319768502943624,0.0,14.968107264911774,0.3730349400869908,14.975946815653082,-0.3536538953920037,0.13843488243174035,-0.15708589888330687,0.048399920858562026,0.09801043320719337
306,LCO,R-1C18,922,flatNominal,7.375636150233631,14.37748899117788,0.0,15.067569134858793,0.2712398657167702,14.953379151336238,-0.4774591042848214,-0.8112284566249398,0.40390552076447006,-0.0008825445982624269,0.149136434836362
307,LCO,R-1C19,955,flatNominal,7.415065123712441,14.346652522545284,0.0,14.994991284513434,0.3730349400869908,14.999807664400626,-0.3555555502556512,0.373963577140185,0.2892172341143176,0.030306626701976813,0.14028357667107652
308,LCO,R-1C2,127,flatNominal,7.402171477756671,14.33709757281241,0.0,14.98543633478056,0.3730349400869908,14.98060396976794,-0.3620246687697973,0.18526061012083717,-0.18668735858209493,0.011465043785423068,-0.12981600230143556
309,LCO,R-1C20,563,flatNominal,7.441950207035012,14.806396980282345,0.0,15.486350595572704,0.3230150294848282,15.422243008273446,-0.4222196791783189,1.3343556574388904,0.2006532263969661,0.022645099008667048,0.22740074851871583
310,LCO,R-1C21,303,flatNominal,7.370100209769506,14.310591669582411,0.0,14.958930431550561,0.3730349400869908,14.958979725102457,-0.3811017907277338,0.7121092498245749,0.2671587037682466,0.06651099320990275,0.16289453637430773
311,LCO,R-1C22,593,flatNominal,7.391296055384945,14.31700270392373,0.0,14.96670505176422,0.3596409846087629,14.9584356957335,-0.3892548778134423,-0.3742056358390499,-0.1466332618808059,0.19343270625222284,-0.08531487202803562
312,LCO,R-1C23,978,flatNominal,7.376719771277457,14.32656136385419,0.0,14.974900125822339,0.3730349400869908,14.96576728373364,-0.3664029949443539,0.0003089527152428734,-0.15319172625453376,0.07486880953392833,0.14230643379673336
313,LCO,R-1C24,406,flatNominal,7.411276198100422,14.355228255110777,0.0,14.993639808104989,0.3839760990961358,14.999896528841365,-0.3561519344220471,0.4994347002514774,0.00955463105443408,0.06939066291140006,0.11531504775182846
314,LCO,R-1C25,15,flatNominal,7.393471294367497,14.337751566457566,0.0,14.986090328425716,0.3730349400869908,15.017616983264674,-0.3254283881686136,-0.37862559822135305,0.2259146273199671,0.0624838004408485,0.1361502985549054
315,LCO,R-1C26,92,flatNominal,7.392201144431441,14.365691529675168,0.0,15.016287272753193,0.385900488384047,15.031525840969564,-0.4073438989484895,0.392562751534667,0.0819783226800995,0.04148786770684179,0.09382402051448235
316,LCO,R-1C3,1123,flatNominal,7.403007436588581,14.353030550429267,0.0,14.993994077785821,0.394014102303524,15.008404281323482,-0.3858901559234611,0.24659540039483752,0.5528926291406151,-0.014488309751451907,-0.1432169159565687
317,LCO,R-1C4,606,flatNominal,7.422805138840281,14.327571076867128,0.0,14.975909838835278,0.3730349400869908,14.985485260275237,-0.3934888081030049,0.8112769195926601,0.309715829809541,0.01478378032885846,-0.1425801648587759
318,LCO,R-1C5,284,flatNominal,7.4005802726264385,14.347503261045258,0.0,15.046885278647311,0.2496665065822851,14.91405141136032,-0.4881886061288257,0.22669095461949595,0.26926799784031374,0.02233672043268875,-0.13449730445061522
319,LCO,R-1C6,1097,flatNominal,7.3515916056601025,14.365887721365066,0.0,15.014226483333216,0.3730349400869908,14.922140201781062,-0.4980641048158206,0.5283126083900934,0.7716408587481179,-0.01574470902154408,-0.08601265380329323
320,LCO,R-1C7,657,flatNominal,7.36903744177975,14.317142145507681,0.0,14.97154004887824,0.3724815913226268,14.971070063234574,-0.3878997499540345,0.3408868374605105,0.2420204742378445,-0.005041256863729044,-0.09026437153963751
321,LCO,R-1C8,882,flatNominal,7.420655625951431,14.339740733615196,0.0,14.988079495583346,0.3730349400869908,14.98864036862709,-0.3837786861247308,0.0357655669233226,0.4183179398802873,0.018893979444457375,-0.04179950877645695
322,LCO,R-1C9,486,flatNominal,7.414030798393993,14.33935573102969,0.0,15.038350044498394,0.2696099779839673,14.938879439070872,-0.4720058410110162,0.8120970430488401,0.3445409911046961,0.008757077850191263,0.002321402311262379
323,LCO,R-2C1,27,flatNominal,7.4645743245863265,14.364483284974956,0.0,15.002048742281335,0.388024055215668,15.025659120131373,-0.358424234577375,0.028665870652736805,0.3934347900760254,-0.011590778582576643,-0.08965456816028938
324,LCO,R-2C11,316,flatNominal,7.365110529123395,14.329400971876641,0.0,14.988088230017986,0.3593371570879271,14.969993701272745,-0.3885877315965456,2.318990779497268,-0.05709952835038194,0.043023179582916835,-0.03329041458210377
325,LCO,R-2C13,1003,flatNominal,7.375976370035814,14.322569334079105,0.0,14.970908096047255,0.3730349400869908,14.958835490344876,-0.3815675371914831,0.977508568121005,0.9829809028159582,0.11200176555099395,-0.10318307575785843
326,LCO,R-2C15,749,flatNominal,7.3613011798132435,14.31005066002286,0.0,14.948989857769707,0.3884099032534007,14.953292832683891,-0.3653713439493793,-0.25066509493819245,0.3063386534182614,0.07341698182727047,0.09948890946472794
327,LCO,R-2C17,1216,flatNominal,7.3284915941174456,14.355866445475435,0.0,15.018402654769957,0.3482236367130374,14.99735453196276,-0.3886434540532387,0.03497767405765842,1.2851329366935427,0.046641823975026975,0.04223646694449716
328,LCO,R-2C18,642,flatNominal,7.361279314977467,14.331471469700086,0.0,14.979810231668235,0.3730349400869908,14.974938635400646,-0.3848356737136315,0.13648393584544113,0.10622310208829201,0.04442659382860607,-0.05599501758838855
329,LCO,R-2C19,651,flatNominal,7.364949906165805,14.346437734000396,0.0,15.007459525392361,0.3481009555117357,14.984190087895414,-0.3836771072203777,-0.5369167496170602,3.5035381464126445,0.09220543683230942,0.1023396917973826
330,LCO,R-2C2,574,flatNominal,7.375855024134829,14.383751147655296,0.0,15.032089909623446,0.3730349400869908,14.990136771106375,-0.4472711355132858,-0.7157200040032001,-2.080736636316642,-0.015050574723434693,-0.0959773985159432
331,LCO,R-2C20,992,flatNominal,7.395045138518484,14.33059285702424,0.0,14.978931618992391,0.3730349400869908,14.979176112697779,-0.3715357414985201,-0.6049271939451715,0.34224818076309893,0.12178183505602341,0.14300906136576103
332,LCO,R-2C21,1209,flatNominal,7.367481263858016,14.332844772194544,0.0,14.963648788189566,0.3948614172975331,14.99175567544561,-0.3591007476773267,0.4316090070883108,0.2423531975601782,0.09029848982585345,0.21352336772969416
333,LCO,R-2C22,1082,flatNominal,7.348945731940994,14.343055692763635,0.0,14.991394454731783,0.3730349400869908,15.005541927257967,-0.3451230758512263,1.3118561691894555,-0.0953501780987078,0.11247436316028253,0.18919939881749562
334,LCO,R-2C23,105,flatNominal,7.3884609658796965,14.336609454578202,0.0,14.988214785409754,0.3491948408663017,14.962855760361396,-0.4061874364858169,0.17436476967779946,0.2388106213051987,0.08345573021476255,0.15723482087575402
335,LCO,R-2C24,400,flatNominal,7.476084613752143,14.310793309970606,0.0,14.959132071938756,0.3730349400869908,14.899442595858487,-0.4748080401676141,-0.11508323436417653,0.24474641772337508,0.06709831720073614,0.08161794023809034
336,LCO,R-2C25,226,flatNominal,7.44705730437761,14.323043152613334,0.0,14.95250907781217,0.3820140505777743,14.982051368819958,-0.3989152747324406,0.21851791283270955,-0.15262831248923242,0.05629301037938391,0.1231453588287253
337,LCO,R-2C3,1205,flatNominal,7.3828966065857,14.345766781965485,0.0,15.036173643065396,0.2898903436346957,14.968607943545676,-0.4541790673044929,1.1439958609795893,0.022003652369280265,-0.024943924740810846,-0.11975714289140604
338,LCO,R-2C4,441,flatNominal,7.400727248217887,14.342901032709115,0.0,14.991239794677263,0.3730349400869908,14.993773146875567,-0.3827919927557834,0.6798392663405736,0.0773107760498446,0.02473580944609064,-0.12921098795557506
339,LCO,R-2C5,913,flatNominal,7.405285903403906,14.347923641461197,0.0,14.999459635169154,0.3707061765749987,14.99520399045317,-0.3820260601172407,0.2933056542134792,0.3274121120319252,-0.014490747614450737,-0.025396020159132213
340,LCO,R-2C6,1401,flatNominal,7.398297156308523,14.31987423397955,0.0,14.9682129959477,0.3730349400869908,14.96796069679533,-0.3709928740874912,1.1943882799699361,-0.13991995222866,0.032899717388682845,-0.08370900115387434
341,LCO,R-2C7,1237,flatNominal,7.312586908826253,14.372835758884772,0.0,15.100275635428233,0.0896021108549569,14.81598902357884,-0.5927208745720736,0.6988307150040847,0.9101625868988503,0.0009256518326642372,-0.07476948758077158
342,LCO,R-2C8,961,flatNominal,7.436559425941827,14.35005210927144,0.0,14.99839087123959,0.3730349400869908,14.93941876872146,-0.4687354548651315,0.9346427331619284,0.314238393629123,-0.012670396562829042,0.07716437307916921
343,LCO,R-2C9,468,flatNominal,7.42996695676371,14.342530148711255,0.0,14.984146431680603,0.3689500351341855,14.977254470081204,-0.369407266819902,-0.5233182081497734,-0.8717555090512026,0.012630453795810483,-0.06231879966937244
344,LCO,R-3C1,595,flatNominal,7.369392150734802,14.311518239226782,0.0,14.958821428267033,0.3622382156704928,14.963017807475671,-0.3906499558142481,0.009285354791646813,0.33497855827335066,-0.020524624093613,-0.06510353846104563
345,LCO,R-3C10,508,flatNominal,7.391579574610745,14.342843938996895,0.0,14.991182700965043,0.3730349400869908,14.993444604161647,-0.3896778938409535,0.6048463086934872,0.02096373256902175,0.05081131017706145,-0.05460398870176522
346,LCO,R-3C11,1360,flatNominal,7.408413974824071,14.30953809563373,0.0,14.959846958042116,0.3863521304639951,14.973525137628089,-0.3730060116089916,0.43592240770585566,-0.010721870040068766,0.050098176420433946,-0.014322140882592186
347,LCO,R-3C12,658,flatNominal,7.371320756270576,14.313626342544055,0.0,14.98346100115347,0.3400082640792977,14.946200707451435,-0.4042141504094715,-0.3302657997428326,-0.10268557160642336,0.050555287323153585,0.01925121643892109
348,LCO,R-3C13,1217,flatNominal,7.319629808673394,14.342179188235601,0.0,14.974338790337999,0.3904792509533827,14.995582983780823,-0.3709012125710738,1.2355036021641184,0.6384919212649822,0.046488411107059105,-0.04974168216647387
349,LCO,R-3C14,970,flatNominal,7.412255660060142,14.34374965997409,0.0,14.975965914131667,0.3891345770938085,14.996069825987963,-0.3467963388189376,1.2237921631345285,0.6777940926153678,-0.009784606128240812,-0.08367275094741275
350,LCO,R-3C15,280,flatNominal,7.4570700336596705,14.235762999435018,0.0,14.884101761403167,0.3730349400869908,14.868498483717728,-0.397305611648542,-0.42033080334565687,0.3541207707554813,0.04043843753020046,0.05116587070754995
351,LCO,R-3C16,636,flatNominal,7.425582102200675,14.358494337350756,0.0,15.003198268616126,0.3850464291591949,15.010828843816878,-0.3654283463495749,-0.12853229318861575,0.31712018664165254,0.0429915397652639,0.053663028375735375
352,LCO,R-3C17,892,flatNominal,7.4505022304100805,14.348839653796212,0.0,14.99717841576436,0.3730349400869908,14.988620493512794,-0.390464559353306,0.44480720011694397,0.7921666585707231,0.006972781380750753,0.01519910704368191
353,LCO,R-3C18,929,flatNominal,7.35244948733258,14.377774022857176,0.0,15.027790689628326,0.3691018979305049,15.035082146495405,-0.3781207642843285,-0.38077682149424913,0.6507581948333513,0.10756821849265433,0.04943998356024816
354,LCO,R-3C19,1397,flatNominal,7.410184902634324,14.306645056918942,0.0,14.954983818887094,0.3730349400869908,14.955741326221581,-0.3663151711948285,0.17850185324177953,-0.24116088465161845,0.06798562130209507,0.12729632194743562
355,LCO,R-3C2,1386,flatNominal,7.393002677512104,14.309908379790986,0.0,14.958247141759136,0.3730349400869908,14.968719854569896,-0.3656471877699578,-0.4414129775979815,-0.10359938264356489,-0.055364423535004065,-0.143711052764366
356,LCO,R-3C20,844,flatNominal,7.416566151895408,14.304814517591634,0.0,14.928092554674699,0.4064831587756967,14.957942007563972,-0.3517542531077148,0.9281935691487415,0.05285921765923017,0.051768367240781696,0.13952425024432372
357,LCO,R-3C22,1377,flatNominal,7.415255276176111,14.322532323614354,0.0,14.962685430778343,0.3708165474643143,14.966690710020297,-0.3724798350147946,-0.9385832524355144,1.10190337804304,0.03235152288726475,0.10647217365984551
358,LCO,R-3C23,878,flatNominal,7.437548360247602,14.346154886127078,0.0,14.994493648095228,0.3730349400869908,14.991101185699806,-0.3535892452412804,-0.07168841981629939,-0.02248376299109412,0.09174996280343889,0.14806625205024962
359,LCO,R-3C24,510,flatNominal,7.393049540186924,14.30855655021237,0.0,14.935104252094376,0.3835905637605848,14.938220447838427,-0.3719784753612575,0.6575482537181043,1.324502429009769,0.031117518674085153,0.12403255243992077
360,LCO,R-3C3,165,flatNominal,7.368277177902347,14.321566549260538,0.0,15.000052406066173,0.2986850727327898,14.911983108352727,-0.4495468095587243,0.2928216723256969,0.3946841760503763,-0.019981285629381947,-0.13490832684643805
361,LCO,R-3C5,429,flatNominal,7.433979351856671,14.354617188473293,0.0,14.997567555845917,0.3943194041573886,15.006613662093393,-0.3381235505570035,-0.4138563966095363,0.01198233840107402,0.04042195720716651,-0.15652943479528852
362,LCO,R-3C6,1210,flatNominal,7.381005541037444,14.334597845223055,0.0,14.982936607191204,0.3730349400869908,14.982790289537311,-0.3873964446724043,-0.04172017375428963,0.7102324000521545,0.036493672415465014,-0.10367694095869837
363,LCO,R-3C7,60,flatNominal,7.4025241537986926,14.37455684772753,0.0,15.073839325275928,0.2627849823034183,14.951759464190816,-0.4635607533638026,-0.03089492391320927,0.2528264448208022,0.01827138610612,-0.06513521001576847
364,LCO,R-3C8,474,flatNominal,7.388256052322491,14.352078252655433,0.0,15.000417014623583,0.3730349400869908,14.954827135791977,-0.472850554011607,0.05351970434791315,1.8665365741739044,-0.04466558368858002,0.007226142454244679
365,LCO,R-3C9,1020,flatNominal,7.359550616807897,14.314999583143763,0.0,15.010255732766144,0.2640216430486268,14.91023276775336,-0.4663001978691149,-0.23737084576479683,1.11792150303322,0.04965943642835918,-0.16583684596531711
366,LCO,R-4C1,166,flatNominal,7.40647969372827,14.358879651404669,0.0,14.991771212901206,0.3955203003459902,15.025443667489233,-0.3411361457749745,0.3626811781990925,0.31258957182855196,0.0038096003883420185,-0.1292027868149782
367,LCO,R-4C10,445,flatNominal,7.464173066181953,14.338443800425303,0.0,14.986782562393453,0.3730349400869908,14.973713816322817,-0.3898373525270874,0.8849062185036314,-0.015943171641406143,0.09558247010312865,-0.041363239936909366
368,LCO,R-4C11,180,flatNominal,7.431218212033452,14.35613035925618,0.0,15.00446912122433,0.3730349400869908,15.017221785768301,-0.3702016411443586,-0.8178295993128619,0.32232694124320577,0.03183576191787634,0.00820976869501978
369,LCO,R-4C12,492,flatNominal,7.455349874243722,14.325063273682954,0.0,14.973402035651104,0.3730349400869908,14.980197018442297,-0.3831596174984898,1.2501935333094587,0.1268398050104177,0.051439102166194156,0.05744628978933191
370,LCO,R-4C13,522,flatNominal,7.4330447272631215,14.335333440292672,0.0,14.983672202260822,0.3730349400869908,14.995072453751524,-0.3659873219300584,0.2773611733682732,-0.08471157172264954,0.0505501093474192,0.17291994638466268
371,LCO,R-4C14,531,flatNominal,7.352681273436458,14.352730302216735,0.0,15.001069064184883,0.3730349400869908,15.022689587570083,-0.3432703814726923,0.7738001696896366,0.5687226636594451,0.07620741712334221,0.13260904962996567
372,LCO,R-4C15,244,flatNominal,7.426533067307943,14.341776811692572,0.0,15.000869353605943,0.3519676269025488,14.981759681249912,-0.3963651126501731,-0.16065290340954785,0.0021240534324681436,0.06753765316633054,0.07344837630625789
373,LCO,R-4C16,702,flatNominal,7.347441830366499,14.336593521953038,0.0,14.984932283921188,0.3730349400869908,14.985129798163742,-0.3568859738288212,-0.16506693544452322,0.08853271203022592,-0.028909989457569195,-0.0455780616729065
374,LCO,R-4C17,1134,flatNominal,7.358760848806229,14.314711892062654,0.0,14.968983342974052,0.3550618318247122,14.95817766108611,-0.3998080976592595,1.3035749832610901,0.05748439611337963,0.08439511707739339,0.058780781597819784
375,LCO,R-4C19,1124,flatNominal,7.397091859495282,14.333173998529048,0.0,14.975304214495589,0.3771512933522599,14.982610145092002,-0.3693124384743232,0.04890825570867257,0.6901913411682941,0.051538055782600484,0.09412320007748728
376,LCO,R-4C2,300,flatNominal,7.396132521146971,14.32605664163097,0.0,14.97439540359912,0.3730349400869908,14.965357119981878,-0.3898559956280302,0.9963602557187499,0.402524084391139,0.04940352637185247,-0.144413553929152
377,LCO,R-4C20,722,flatNominal,7.36961259717578,14.327348453993775,0.0,14.975687215961925,0.3730349400869908,14.973111807731083,-0.3841731394034728,0.25954238438990374,0.6557409042190846,0.07002194762509523,0.08792255042622982
378,LCO,R-4C21,50,flatNominal,7.331551293691527,14.364205788759033,0.0,15.01161982829853,0.3668947240135602,15.016562074855175,-0.3669836885796941,0.8508883532977807,0.5070395968745793,0.09357941593613633,0.14879661514634746
379,LCO,R-4C22,652,flatNominal,7.358680892648312,14.334649172893766,0.0,14.982987934861915,0.3730349400869908,14.994180723694024,-0.3968898544014093,0.6136276940209051,0.8066672079896069,0.06769035576835264,0.15168189656213582
380,LCO,R-4C23,112,flatNominal,7.36759833233363,14.315992112044366,0.0,14.967131614253322,0.3634047063700977,14.981731034381065,-0.3792939904317076,0.7470438664905583,-0.14406636885006763,0.07951986005155362,0.13655190668746447
381,LCO,R-4C3,617,flatNominal,7.364969616454146,14.326139008516414,0.0,14.984221789846547,0.3733333221134473,14.966470449858944,-0.384601972644402,-0.049040424401874325,-0.03527498978299409,0.028410543031925525,-0.1059366085941256
382,LCO,R-4C4,1371,flatNominal,7.397319644746958,14.374252116133956,0.0,15.022590878102108,0.3730349400869908,15.007161147959192,-0.39575623042948,1.1513328173625919,1.0681461342487455,0.029477137252894837,-0.08798707528440222
383,LCO,R-4C5,1228,flatNominal,7.3742246456578044,14.345327460886267,0.0,15.000902638735191,0.3705834669776843,14.996490952607953,-0.3722785462927297,0.42235200413839497,0.4738328906977548,-0.004291304267575544,-0.08879182957177709
384,LCO,R-4C7,778,flatNominal,7.3468768707123395,14.340519134217558,0.0,15.046119198068755,0.2570786071877398,14.908069429388906,-0.4696152593478968,0.8620498740005231,0.5569559132252031,0.055024785936003025,-0.0981015434551
385,LCO,R-4C8,1227,flatNominal,7.389184382557151,14.31815225112058,0.0,14.96649101308873,0.3730349400869908,14.97349060539038,-0.3727618625579453,0.3170408070904678,0.7240704948807986,-0.09143821454243505,-0.02417021202737093
386,LCO,R-4C9,1379,flatNominal,7.397627046947632,14.320894800048766,0.0,15.007728348839818,0.2853136761074181,14.930475734850695,-0.4537812535758049,1.2911911277523245,0.5147697900280466,0.05622947631925429,-0.05801651264559787
387,LCO,R-5C1,172,flatNominal,7.426191214119656,14.337875141625195,0.0,14.98477358068129,0.3875136279528124,14.99093755435296,-0.3643083120940477,0.1371920268451844,0.02988599779371564,0.027965863159423197,-0.12655421864097596
388,LCO,R-5C10,596,flatNominal,7.3178669982267905,14.3091345205779,0.0,14.94905459163075,0.3875217410419642,14.954242532082828,-0.3605160859651057,1.3008347117581627,0.18288885256205856,0.07629852566818843,0.03104982685352157
389,LCO,R-5C11,255,flatNominal,7.412181653376999,14.307274195324494,0.0,14.952660393074197,0.3933663042678126,14.94566410774916,-0.3742670382847069,-0.6844527491522818,-0.3244968076618311,0.039334324417972924,0.0095602528711413
390,LCO,R-5C12,769,flatNominal,7.416891616398511,14.328683079623252,0.0,14.983886288647767,0.3506195834035142,14.945256638321016,-0.3956983745556223,0.31635103915467033,0.2650304488984782,0.08480878457148835,0.13967899219094676
391,LCO,R-5C13,286,flatNominal,7.404279098750956,14.339188007827232,0.0,14.981049488127518,0.3762016313808708,14.990897727359355,-0.3631287025808072,0.6408287384871555,0.0,0.0410790730194099,0.0026765307052146
392,LCO,R-5C14,888,flatNominal,7.392225516835385,14.331630724570985,0.0,14.976133928705755,0.3867534930748969,14.980115577139399,-0.3619853971098642,-0.2025918114364006,0.36284437287256943,-0.008890137502505578,0.02206077310279579
393,LCO,R-5C15,519,flatNominal,7.385162668440968,14.297344133364078,0.0,14.945682895332228,0.3730349400869908,14.958273527858326,-0.3436561017034385,-0.5110194338438478,0.6228694832948667,0.020363525232258255,0.02648085533038546
394,LCO,R-5C16,1139,flatNominal,7.407307797438817,14.327968006886383,0.0,14.979797159815387,0.3445515472890356,15.006328187068231,-0.4023811978101783,-0.6533972047124789,0.4244010953554769,0.10635374923439087,0.19971252054519223
395,LCO,R-5C17,1072,flatNominal,7.387322378486788,14.358966393020186,0.0,15.007305154988336,0.3730349400869908,15.021583494799241,-0.3542348985983368,0.5487237087605479,0.03940542538548721,0.14499005486510702,0.1590160244751306
396,LCO,R-5C18,318,flatNominal,7.379302447669567,14.309690800190905,0.0,14.95859450796697,0.4013576776768361,14.96507459414329,-0.3424347408813432,0.8446664987789858,0.62354268317964,0.12897095346146506,0.07371432099610037
397,LCO,R-5C19,803,flatNominal,7.33003535999786,14.355176554156259,0.0,15.003515316124407,0.3730349400869908,15.005559072220032,-0.3640121240876312,0.79800747832557,0.18953872914985914,0.14925616091808683,0.1792040494730247
398,LCO,R-5C2,418,flatNominal,7.433461543892359,14.318257083729577,0.0,14.966595845697729,0.3730349400869908,14.970711896078644,-0.380556303405259,0.02441963428236605,0.6729296956564548,0.02974022983430026,-0.13357418478128885
399,LCO,R-5C20,586,flatNominal,7.373866683234434,14.327879897767628,0.0,14.989315127605334,0.3631927436507295,14.999628219984666,-0.3803428585359537,-0.11164594777920306,-0.10055641808694732,0.12927220873495543,0.1382015286474894
400,LCO,R-5C21,1337,flatNominal,7.411437846957066,14.339538710972676,0.0,14.987877472940824,0.3730349400869908,15.003153883958658,-0.3327543235944228,0.4804911927155088,0.2700422914057944,0.12311706763297209,0.13743049419919656
401,LCO,R-5C22,1279,flatNominal,7.322883228981002,14.315315364570878,0.0,14.95389877389713,0.3752005468665276,14.973793477194707,-0.370102323324419,0.6643389470271053,0.003634394294876204,0.05388746855906611,0.12272436829990868
402,LCO,R-5C3,435,flatNominal,7.4430594317983205,14.379449670731617,0.0,15.02915187240945,0.3687561450298458,15.026910551382183,-0.3737663366060044,0.6916577341214489,-0.05153951783602941,0.03716779379477819,-0.08560934624094921
403,LCO,R-5C4,398,flatNominal,7.463175341810527,14.327178733672827,0.0,14.975517495640977,0.3730349400869908,14.98122291302465,-0.3666570429819086,-0.04084834393309491,0.007224728461398045,0.04141147511396127,-0.06804937566026761
404,LCO,R-5C5,109,flatNominal,7.354266004871948,14.365485205335943,0.0,15.006663524251412,0.3867928244274112,15.01620865138044,-0.3658244730020609,0.3,12.24,0.0248,-0.0777
405,LCO,R-5C6,900,flatNominal,7.431944708253328,14.330452514676796,0.0,14.978791276644946,0.3730349400869908,14.899955148192529,-0.4660250919135946,0.037894231475942605,0.1027182604038547,0.022088027061060493,0.021796495314968654
406,LCO,R-5C7,1262,flatNominal,7.391416471067297,14.343138836987329,0.0,15.005516232782124,0.3534627849259214,14.960855795377462,-0.4081713155095315,0.4165273082381047,0.738737166064914,0.08698667867473414,0.020461420963232516
407,LCO,R-5C8,1048,flatNominal,7.453731953201837,14.364012161474959,0.0,15.012350923443108,0.3730349400869908,15.00094397793823,-0.3831455377452961,0.08026509489540717,0.3511361749936629,0.03270749509489937,-0.099168329822726
408,LCO,R-5C9,534,flatNominal,7.384197419335376,14.325832994700349,0.0,14.990175613162112,0.3622170711478394,14.976108852049572,-0.3793852124513684,0.32607947140245624,0.37163625231852504,-0.02632678185897387,0.10574618178330528
409,LCO,R-6C1,632,flatNominal,7.392158507846313,14.336617851151246,0.0,14.981760998522281,0.3876905024479501,14.978469670501939,-0.3539537916912657,0.813927434958474,0.6873084723868077,0.008155811496927371,-0.07858804636719394
410,LCO,R-6C10,680,flatNominal,7.336225214837703,14.336039573213561,0.0,14.984378335181711,0.3730349400869908,14.978361808637267,-0.3662382113063662,-0.1564482968336137,0.07132054520576811,0.035707888856392936,0.02685039284195995
411,LCO,R-6C11,738,flatNominal,7.39670454513257,14.317442856420897,0.0,14.965781618389046,0.3730349400869908,14.960773506970016,-0.3761341577863095,0.7382440928210647,0.25600553938934456,-0.028414311464321978,0.014248019457575676
412,LCO,R-6C12,47,flatNominal,7.44378051903008,14.356231258732691,0.0,15.004570020700841,0.3730349400869908,15.005106268576291,-0.3555455638095224,0.3937079614881044,0.21185122401839318,0.008535927527576327,-0.014858967867031482
413,LCO,R-6C13,573,flatNominal,7.412407986623169,14.347267708823786,0.0,14.995606470791936,0.3730349400869908,15.005007063379278,-0.3551733546792457,0.07018181515368932,0.32151329734760264,0.05629578403323066,-0.04702599312479948
414,LCO,R-6C15,407,flatNominal,7.436912834936933,14.333519610762119,0.0,14.98110016793461,0.3750539110993758,14.979820357701064,-0.3630709636864526,-0.22704283073249934,0.019642483568975896,0.12025568130396051,0.1499564940408875
415,LCO,R-6C16,1122,flatNominal,7.4110544823251345,14.319938360608756,0.0,14.968277122576906,0.3730349400869908,14.980323213921162,-0.3647911974371793,-0.3012567918061556,0.4568459489831569,0.11841564065247148,0.07701180386182951
416,LCO,R-6C17,1084,flatNominal,7.347180340659877,14.283613952121243,0.0,14.938363902633897,0.3660004460354954,14.952351879207992,-0.3796242075041579,0.2952501101415964,2.959255896313186,0.1617556515695302,0.1434266026941476
417,LCO,R-6C18,1344,flatNominal,7.383497273826748,14.351138124681862,0.0,14.99947688665001,0.3730349400869908,15.01636534335535,-0.3489926068508057,-0.18192781441350503,0.12396796059494507,0.1400269021111341,0.12692584418975872
418,LCO,R-6C19,156,flatNominal,7.309513201347469,14.362273784498935,0.0,15.006879246075775,0.3758879471636678,15.040370786938151,-0.3471616542393755,-0.47115552816808165,0.8297539125552587,0.12819424055828588,0.11072445903165995
419,LCO,R-6C21,1321,flatNominal,7.397184531351196,14.299281177151624,0.0,14.944465855616846,0.3859021217410612,14.941577010406228,-0.3718573478086876,0.4871089833006085,0.30872368889863555,0.09637462449426476,0.10460336962057273
420,LCO,R-6C3,439,flatNominal,7.42303545826063,14.326342614215893,0.0,15.007502831243546,0.3161136955533749,14.950735852178427,-0.4338573649549653,0.8144589120485701,0.2931132886221903,0.023586332641705704,-0.16615381440531096
421,LCO,R-6C4,48,flatNominal,7.460049948119387,14.369952757081762,0.0,15.018291519049912,0.3730349400869908,15.0108742351176,-0.3790800465288383,0.319552764030138,0.38339447466964904,0.080506278013604,-0.096569597994996
422,LCO,R-6C5,864,flatNominal,7.382818784441115,14.564791065374271,0.0,15.243969890213172,0.2983390508754334,15.163272705751666,-0.4552073920815875,-0.14289399203148065,0.4210262850831157,0.0656200739005127,-0.02410334424016163
423,LCO,R-6C6,774,flatNominal,7.407411352283745,14.343162004570974,0.0,14.991500766539126,0.3730349400869908,14.957114197166549,-0.4081783790367309,0.39764305097108776,0.32146742913361676,0.06979571106632751,-0.07308441031830035
424,LCO,R-6C7,1275,flatNominal,7.365232994166581,14.320058441146282,0.0,14.971893098824486,0.3572622719339475,14.957461029853095,-0.3870775952766307,0.18168257198932342,1.5076568060642423,0.10349178745393248,-0.08091058382221475
425,LCO,R-6C9,867,flatNominal,7.442790791644111,14.308897283444644,0.0,14.957236045412792,0.3730349400869908,14.95647538854197,-0.37544361997834,1.2804845859740395,-0.37517977009032943,-0.0167223289835505,-0.009324019540179192
426,LCO,R-7C1,666,flatNominal,7.381664415745764,14.30689491477657,0.0,14.953984826145001,0.3690358178153682,14.938869278546594,-0.3726890545126941,0.1693314333153535,0.23761166382168503,0.016306033108416253,-0.05022022206100678
427,LCO,R-7C10,500,flatNominal,7.417869860556586,14.33857139706761,0.0,14.987747193017139,0.3694723970394098,14.98757806258462,-0.3813817301378157,0.34552156337518114,0.6113145068561803,0.166862367104871,0.07675028659112038
428,LCO,R-7C11,113,flatNominal,7.446549857811215,14.372634952116103,0.0,15.023316154837074,0.3618685652668997,15.01588738163313,-0.3797751862138837,1.4863275760576335,0.007041996524897777,0.15578497792800883,0.06419395313463626
429,LCO,R-7C12,1244,flatNominal,7.358034742687712,14.322992709002538,0.0,14.963750282715866,0.4010804435085972,14.975084737963396,-0.3395008029116606,0.445156120985524,-0.08729873133656733,0.26506987765026485,-0.02667858755857488
430,LCO,R-7C13,1263,flatNominal,7.429911942624107,14.322672037083056,0.0,14.966384011466781,0.3804390653847659,14.965798570864292,-0.3821001107438627,0.41205128360359083,0.43584108609933625,0.12254648907465474,0.1364615074473609
431,LCO,R-7C14,477,flatNominal,7.396820464630544,14.343493959187366,0.0,14.994764988872323,0.3843137544831812,14.99644409785944,-0.3644130835157095,-0.09189434041514304,0.9614621183130203,0.1603912488703278,0.17427283501116936
432,LCO,R-7C15,720,flatNominal,7.351430188834475,14.335308480625294,0.0,14.983647242593442,0.3730349400869908,14.950334368643198,-0.4200440257118941,-0.8690946695714377,0.7374225521932376,0.17219900440548794,0.1372458872165702
433,LCO,R-7C16,628,flatNominal,7.403149283435167,14.352283932788588,0.0,14.995885624194923,0.3847533749067423,14.99871531595726,-0.3760861745616075,0.15882884936621683,-0.06418164759781246,0.19612060672868126,0.05180552137862178
434,LCO,R-7C18,133,flatNominal,7.393556001159878,14.318521100917966,0.0,14.964810580057122,0.3787663107095159,14.956551495148979,-0.3799413805883154,-0.35586852266566205,0.5659878119086044,0.11955430200327101,0.0920890440155778
435,LCO,R-7C19,176,flatNominal,7.406506690822366,14.332337642997903,0.0,14.98067640496605,0.3730349400869908,14.952924226910733,-0.3755341770360712,0.3861440807323565,-0.08686398972449297,0.120905639486873,0.07885914796328324
436,LCO,R-7C2,775,flatNominal,7.326720675224026,14.376037515239346,0.0,15.024376277207496,0.3730349400869908,15.040296438658714,-0.3607872176179654,-0.1367128475453603,0.9747012106314081,0.09880755333051272,-0.10876282923608843
437,LCO,R-7C20,697,flatNominal,7.37124957038834,14.323328510930423,0.0,14.958312301387643,0.3861055868435928,14.968796415138195,-0.3270051221845542,0.22844152508393734,0.07138479155400966,0.11532323792703322,0.18101419690220394
438,LCO,R-7C3,889,flatNominal,7.374709713931267,14.321198991327318,0.0,15.011488372325138,0.2858830743567292,14.912707109662223,-0.4687216609917506,0.31238364061187074,0.5424814227783359,0.03798289608842187,-0.07295670055720765
439,LCO,R-7C5,712,flatNominal,7.388179960598757,14.334302413896316,0.0,14.989867147103029,0.3451573580975592,14.958687809157901,-0.3873496548818981,0.6956357512911022,0.7401486494049796,0.09695420459342141,-0.04702918706840306
440,LCO,R-7C6,1030,flatNominal,7.372642435905621,14.376517283252088,0.0,15.024856045220238,0.3730349400869908,14.988822737258598,-0.4365431030349328,0.45866301330927284,0.28851705134693334,0.12466431276309227,-0.1545253981289374
441,LCO,R-7C7,1075,flatNominal,7.370824564035941,14.339108402359376,0.0,14.98709377606051,0.374792305343715,14.973995396541206,-0.3619285466526292,0.8293808908054294,0.24121018882106054,0.06633993040389283,-0.0805551021581516
442,LCO,R-7C8,1181,flatNominal,7.3731483611680195,14.353879936399562,0.0,15.068673573868773,0.215908275614685,14.888220310514638,-0.521884146448812,-0.19578790788473363,0.7975238530075237,0.10088470741538119,0.14143527853800775
443,LCO,R-7C9,223,flatNominal,7.42139145846637,14.299155970442548,0.0,14.948008797012033,0.3773541393257729,14.951149997994909,-0.3795497668603526,0.44840250330984877,0.09228587103755248,0.14735604064646168,0.11530051028083074
444,LCO,R-8C1,682,flatNominal,7.3607520950984835,14.364313150091462,0.0,15.013168653313295,0.3777929549036706,15.01186679745972,-0.3758346712892229,-0.23845052134010292,0.09299905755705537,0.05900581140507121,-0.03833384128797123
445,LCO,R-8C11,1195,flatNominal,7.37168410284416,14.335184991660931,0.0,14.983523753629079,0.3730349400869908,14.980112264875585,-0.3791031756949625,-0.2641405918420803,-0.14294732133357654,0.17691753184937925,0.08178115687934172
446,LCO,R-8C12,174,flatNominal,7.374910679126785,14.33170040635293,0.0,14.98003916832108,0.3730349400869908,14.979558658417098,-0.3699678099218988,0.6102089202016541,0.9571480460699322,0.1078558605691519,0.07043895029415637
447,LCO,R-8C13,1221,flatNominal,7.398488984901348,14.322113532920426,0.0,14.970452294888576,0.3730349400869908,14.972252145355446,-0.4118892773669879,-0.17691256162466146,0.11944425423800709,0.11484902753826916,0.0006353771821992205
448,LCO,R-8C14,143,flatNominal,7.451253613938865,14.30738944820914,0.0,14.95572821017729,0.3730349400869908,14.942893484894721,-0.3765100900515993,0.0915968498566091,0.3314052496686762,0.1323265071742043,0.12738390259085686
449,LCO,R-8C15,711,flatNominal,7.405820262958963,14.343119934022603,0.0,14.98257362523496,0.3900620811055565,15.020802925827722,-0.3501322959254965,0.5550039203822583,0.6922905407255863,0.13197985703842358,0.07748499503855072
450,LCO,R-8C16,1120,flatNominal,7.404998293050319,14.3283980430224,0.0,14.97673680499055,0.3730349400869908,14.976015212411033,-0.4065954488225799,1.2104815288760538,0.6777639817716696,0.17338046976149474,0.10169799812072186
451,LCO,R-8C17,1173,flatNominal,7.397028394780696,14.28557780107511,0.0,14.953594856066344,0.3249203776215195,14.903512243183156,-0.4296029742022892,0.5438325903091976,0.4244451100410557,0.12270213446280331,0.19428532571263657
452,LCO,R-8C18,1052,flatNominal,7.373326773647783,14.265722739671375,0.0,14.914061501639525,0.3730349400869908,14.90228441625984,-0.3972633858359151,0.9174616967504914,0.2555012556835283,0.12108855952066394,0.15169142259264942
453,LCO,R-8C19,729,flatNominal,7.401497592342281,14.340016809412532,0.0,14.99196619327025,0.3770933940139521,14.960239755779268,-0.4200335522385325,0.18708124867928438,-0.344101423730224,0.12506876829822372,0.19009253332714748
454,LCO,R-8C2,966,flatNominal,7.405432324564439,14.333242426039039,0.0,14.981581188007189,0.3730349400869908,15.009168771680656,-0.364865746167486,0.6899103274535938,0.8611638086011812,0.06802558341622492,-0.06728400878585104
455,LCO,R-8C3,1255,flatNominal,7.383028443817482,14.293620822700685,0.0,14.941825409854852,0.3520503876448155,14.937284053773357,-0.3855348540289959,-0.23482099179888316,-0.17030987974873654,0.06267340114121189,-0.09354562483956022
456,LCO,R-8C4,1175,flatNominal,7.322620592606885,14.370066817508835,0.0,15.018405579476983,0.3730349400869908,15.04123120513912,-0.3622032731436029,0.11317138727259929,0.25487483089270935,0.10034528474324744,-0.062261836702895396
457,LCO,R-8C5,752,flatNominal,7.332968907965531,14.35073507097501,0.0,14.99141770414792,0.3789101213757165,14.997702197975622,-0.3616641070022041,0.5923467635031727,0.685454519749106,0.12211192256798434,-0.014012360951177626
458,LCO,R-8C6,1292,flatNominal,7.438140057611712,14.31970584532839,0.0,14.96804460729654,0.3730349400869908,14.974348241089697,-0.3797442710487672,0.8279112666248353,0.031096304151492525,0.13386901873028567,-0.006878852298356138
459,LCO,R-8C7,812,flatNominal,7.419663450761883,14.316095850431786,0.0,14.964434612399936,0.3730349400869908,14.88619203674852,-0.4741479843616244,1.0437291004944098,0.17085808110422468,0.1158023780455883,-0.040814235613322175
460,LCO,R-8C8,976,flatNominal,7.439888444118665,14.322015806695822,0.0,14.97035456866397,0.3730349400869908,14.984826655852833,-0.3486439977052287,0.6310748682334748,0.6454951913504436,0.09099563083499013,-0.05380833177144406
461,LCO,R-8C9,1311,flatNominal,7.427422622535951,14.308767194141677,0.0,14.957105956109825,0.3730349400869908,14.964706353524617,-0.3798464330678915,-0.1167882681810042,0.3715111686103528,0.1350969389449933,0.018418709202630664
462,LCO,R-9C1,89,flatNominal,7.4101008768977845,14.338091990781617,0.0,14.979442328557845,0.3758287904119822,14.988666073841495,-0.3576114959254159,0.06573997826909321,-0.0041606485491121675,0.04665591612029085,-0.0670110053249411
463,LCO,R-9C10,175,flatNominal,7.354943464927471,14.296722834461416,0.0,14.944101222851142,0.3635691376757897,14.939228178107449,-0.3885045778907052,-0.04059979770685716,0.2594001133709964,0.11466411581578398,0.006224946756028967
464,LCO,R-9C11,646,flatNominal,7.399491445145776,14.369067030840387,0.0,15.026556661400761,0.3605719188434803,15.023575055100233,-0.3841337031906852,1.2056893788064125,1.1358756844387843,0.14463765722596417,0.06633693929772602
465,LCO,R-9C12,981,flatNominal,7.369197227658544,14.334935991020139,0.0,14.969428319381068,0.3826437811075431,14.96390480055986,-0.3772762116712116,-0.38201936297347305,0.29239426294441434,0.13692521267024355,0.02935422012362523
466,LCO,R-9C13,1160,flatNominal,7.409691282965634,14.317851257770519,0.0,15.02131278581562,0.2344128300703635,14.878699438142535,-0.5194540907031314,1.1517092100707624,1.0897932269737614,0.17890021334000744,0.11018309899531276
467,LCO,R-9C14,622,flatNominal,7.392703038160728,14.33902306092107,0.0,14.982791572440679,0.3768751302147739,14.984371906414449,-0.3584333318189113,-0.6630393000337007,-0.15230107520213582,0.13789258276521896,0.09586309967259338
468,LCO,R-9C15,755,flatNominal,7.35627925867173,14.324908910557747,0.0,14.973247672525895,0.3730349400869908,14.976104316653226,-0.3898961997077039,0.822669236915839,-0.15542523930500884,0.15379849046499117,0.08508971896630388
469,LCO,R-9C16,1033,flatNominal,7.3768223434452,14.298749122990706,0.0,14.939744023422934,0.3815902474682436,14.940475549617597,-0.370028092097094,0.5978466368434021,-0.05642884290453894,0.1552793609769645,0.09353874735379425
470,LCO,R-9C17,1250,flatNominal,7.344208514723816,14.314296611759563,0.0,14.962635373727712,0.3730349400869908,14.93167197368556,-0.405283885462564,0.9773639149313553,0.031179260800993102,0.10287891375373145,0.0858395522750457
471,LCO,R-9C18,216,flatNominal,7.388611816230734,14.333971659321925,0.0,15.035459599932768,0.2510529530910118,14.871892910196937,-0.5007256036082323,0.1823603336468068,0.6301359712929182,0.08075339308974383,0.10641925871553815
472,LCO,R-9C2,267,flatNominal,7.402117850031873,14.356761627183033,0.0,15.005100389151183,0.3730349400869908,15.027128158915591,-0.3420642221362173,1.424057054594908,-0.009803170245446267,0.06117644661740644,-0.07212514322418842
473,LCO,R-9C3,1238,flatNominal,7.40017506316261,14.317753014858809,0.0,14.960350944082853,0.3664491086102359,14.966675542421681,-0.3803318963821421,0.8940446091805565,-0.03967573223953588,0.0675077448196992,-0.10392001381343349
474,LCO,R-9C4,782,flatNominal,7.36804979122366,14.303260437444518,0.0,14.951599199412668,0.3730349400869908,14.95857592392719,-0.3531370098678182,0.5139585895802138,0.10409552463932908,0.0653620125067968,-0.010006530568636478
475,LCO,R-9C5,496,flatNominal,7.452713039303951,14.30394632220201,0.0,14.952277075310576,0.390566173498554,14.96955422977892,-0.3630983627642956,-5.058890442114763,0.2644933061813059,0.0757037369746991,-0.1173518611887096
476,LCO,R-9C6,101,flatNominal,7.352616460450683,14.357128856031082,0.0,14.992135912644335,0.383113016070976,14.97233670745314,-0.3717521383718836,0.9001750446942203,0.12704780665836135,0.08245526434699844,-0.074344627462713
477,LCO,R-9C7,746,flatNominal,7.421656901205073,14.30339914700381,0.0,14.952395629265675,0.3663063502784039,14.974035460036326,-0.3549696154101544,1.3089111117738899,0.6062778329800818,0.11889057023948077,-0.05230340602892339
478,LCO,R-9C8,135,flatNominal,7.417629069079856,14.313964409030486,0.0,14.963731027960034,0.3653235263780156,14.980259398764186,-0.3649320336318624,0.8006852708524148,0.045855312245800126,0.09242714916650835,-0.014316513209381392
479,LCO,R-9C9,357,flatNominal,7.379445822547684,14.268770049877016,0.0,14.907287043403587,0.3822046319964457,14.921053730051105,-0.3509480304377076,0.2275846846452902,-0.19788037634355082,0.1279390339638874,0.007202162995373712
480,LCO,R0C1,1268,flatNominal,7.4008889331496395,14.351558776272054,0.0,14.991236456125197,0.3709763327282173,14.962888416294872,-0.3558827881262788,0.10272049024980032,0.9076929386188932,-0.03637999236642442,-0.12726489126654728
481,LCO,R0C10,833,flatNominal,7.395422731377766,14.345366607085264,0.0,14.993705369053414,0.3730349400869908,15.006090747036621,-0.353871821411003,-0.07294152347337635,-0.11421345961812773,-0.028417505444791477,-0.07509294801347664
482,LCO,R0C11,351,flatNominal,7.387493445129807,14.328202250680386,0.0,14.967181032413626,0.3769979527549343,14.964576658188202,-0.377209164436231,-0.058137097796227895,0.259197495231295,-0.00789688077575791,-0.03193559147117403
483,LCO,R0C13,197,flatNominal,7.399104246798373,14.338090476304279,0.0,15.020545198781555,0.2952847898432102,14.942677705406876,-0.4359661427240214,0.5106908881794343,0.9434806682402122,-0.00010647191042229034,0.09810664295071532
484,LCO,R0C15,1133,flatNominal,7.352723482696103,14.282796822537032,0.0,14.948390714081388,0.3377454893093459,14.919934166761148,-0.4087193056177942,-0.11004938322800813,0.3749554775419399,0.014516787825130979,-0.03366580936730905
485,LCO,R0C17,1218,flatNominal,7.385038192288876,14.311723931658165,0.0,14.96698570183747,0.3522853852715148,14.951577923909335,-0.3796793555387117,0.3479899497532881,0.7455738876412357,0.02202189610939924,0.07819616452563966
486,LCO,R0C18,1191,flatNominal,7.382504238669261,14.358651690470936,0.0,15.006990452439085,0.3730349400869908,15.002059083478832,-0.3780208875750415,-0.16328488309336184,-0.6461829135294015,0.03257786544259213,0.10396117025530599
487,LCO,R0C19,629,flatNominal,7.391044532603194,14.349550218462706,0.0,14.997896989290442,0.3853331320410081,15.000710228846222,-0.3582729418652814,-0.12283202389291095,0.19344291656503654,0.004523207542766647,0.02138723488096484
488,LCO,R0C2,1206,flatNominal,7.3874809281488325,14.320131583671191,0.0,14.963924469380363,0.3797325562741122,14.959898067145904,-0.3439331955123962,-0.45963479117108336,0.6275518451697752,-0.006408905397783125,-0.1332982876420558
489,LCO,R0C21,968,flatNominal,7.404355555074688,14.340581478456308,0.0,14.994647372118756,0.367352613862165,14.956996047553053,-0.3910368691932456,0.39510908505706643,-0.10734165058908965,0.016219921580685883,0.16425053773140785
490,LCO,R0C22,879,flatNominal,7.439394546634835,14.330365699179257,0.0,14.978704461147407,0.3730349400869908,14.97210470007271,-0.3917484321956371,-0.8456864305846742,0.17443743673637674,0.046096480684832436,0.10658969599556634
491,LCO,R0C23,527,flatNominal,7.407319076190523,14.338653652662645,0.0,14.981545082741498,0.3675689247198208,15.00208036812347,-0.379817684028808,-0.8924846287210716,4.12580586564549,0.049138129569107576,0.16352773316382244
492,LCO,R0C25,1239,flatNominal,7.4224033191531475,14.352998847679423,0.0,15.003069408879327,0.3649783385104173,14.960979868203639,-0.3681344198596693,-0.13212616349542122,0.33836993944983207,0.07469499337687979,0.1450008425093367
493,LCO,R0C26,1008,flatNominal,7.348665966687458,14.359334871507105,0.0,14.992714858345364,0.3730341556396281,15.027865655529972,-0.3669547842387892,0.30493578773520214,0.08906162467587309,0.07255991376919274,0.13957899566395013
494,LCO,R0C27,731,flatNominal,7.360153213986882,14.327718476819966,0.0,14.976057238788114,0.3730349400869908,14.985321201340666,-0.3585919656373493,0.6088687456092806,-0.03199345469425581,0.0746085258326494,0.10539964305089122
495,LCO,R0C3,703,flatNominal,7.3747665522088806,14.353722013317057,0.0,15.050611073481384,0.2627187896978166,14.934801669283365,-0.4786592143171134,1.4056898048559034,0.6022604140322956,-0.0017410536876505665,-0.13972672209144935
496,LCO,R0C5,1257,flatNominal,7.379094281454352,14.340426135910048,0.0,15.036682344281637,0.269660310230289,14.91875242183104,-0.4826247673930755,-1.6620557471893775,0.7617427539991991,-0.0442547357324777,-0.11269000925648837
497,LCO,R0C6,797,flatNominal,7.331373325921675,14.335012974196495,0.0,14.983351736164643,0.3730349400869908,14.898035418274562,-0.4852943492812953,1.8865076205825735,0.7280076272165841,-0.011043723131507545,-0.13271507617917147
498,LCO,R0C7,1166,flatNominal,7.401329182976733,14.426804058996487,0.0,15.12034254066269,0.2591171929829244,15.013394089548894,-0.4485405749554824,-0.2865641723100963,0.29203682326320163,-0.019369008577524653,-0.14378892886340944
499,LCO,R0C9,1319,flatNominal,7.397398496413636,14.326273623922766,0.0,14.979206101405763,0.3708441108313742,14.973676854628355,-0.3700549890964679,-0.740115810667932,0.2661718334383901,-0.006196685411428189,0.07399570616154028
